license_num,facility_name,phone_num,action_comment
5926698,Acton X-Ray & Ultrasound,519-853-0182,Met standards.
6054808,Ajax Urology Associates,905-426-9426,Met standards.
2273702,Baywood X-Ray and Ultrasound,905-428-0444,Met standards.
5461818,Custom Vision & Cosmetic Centre,905-721-1211,Met standards.
2108881,Durham Pulmonary and Sleep Services Inc.,905-239-1119,Met standards.
6991291,GNMI MRI & CT,905-426-8976,Met standards.
6521323,Harwood X-Ray and Ultrasound,905-683-8877,Met standards.
1055313,Jonah Service Corp.,905-426-3111,Met standards.
5443988,Ontario Fertility Centres Inc.,289-660-1034,Met standards with some recommendations made for improvement.
9401190,Westney Heights Diagnostic Centre,905-686-9729,Met standards.
3876219,Alliston Diagnostic Centre,705-434-0074,Met standards.
2331095,Amherstburg X-Ray,519-736-9548,Met standards.
301510,Ancaster X-Ray and Ultrasound,905-648-5900,Met standards.
1813587,MyHealth Centre,519-672-0070,Met standards.
7541489,Aurora Medical Centre X-Ray & Ultrasound,905-727-6232,Met standards.
7458845,X-Ray Associates,905-751-1500,Met standards.
7476710,Aylmer Ultrasound,519-773-3683,Met standards.
5739908,Barrie Sleep Disorders Clinic,705-726-2231,Met standards.
8193853,Barrie Vascular Imaging,705-728-8778,Met standards.
9652595,Barrie Women's Health Centre Infertility & Obstetrics,613-824-3252,Met standards.
3630988,Dr. Donald R. Nixon,705-737-3737,Met standards.
9478578,Georgian Radiology Consultants - Bellfarm,705-722-8036,Met standards.
6739562,Georgian Radiology Consultants - Huronia,705-739-1028,Met standards.
1309436,Georgian Radiology Consultants - Little Lake,705-722-8036,Met standards.
3121417,Georgian Radiology Consultants - Wellington,705-722-8036,Met standards.
1255307,Georgian Radiology Consultants - Yonge,705-739-1028,Met standards.
604590,Lumea,416-663-3937,Facility has not been assessed during current ownership.
6099661,Beamsville Diagnostic Imaging,905-563-5000,Facility has not been assessed during current ownership.
8077929,Beaverton X-Ray and Ultrasound,705-504-0880,Met standards.
735119,2601398 Ontario Inc.,613-824-3252,Facility has not been assessed during current ownership.
203501,Belle River Imaging Services,519-727-3993,Met standards.
5962650,Belleville Medical Arts X-Ray and Ultrasound,416-781-2050,Met standards.
3987671,Belleville X-Ray & Ultrasound Ltd.,613-969-0264,Met standards.
5981712,Dr. Nancy Chen Medicine Professional Corp.,613-961-1600,Facility has not been assessed during current ownership.
10105,Kente X-Ray & Ultrasound Ltd.,613-962-4226,Met standards.
3363065,Ophthalmology Clinic,613-961-7440,Met standards.
492134,Quinte Regional Sleep Clinic,613-966-5725,Met standards with some recommendations made for improvement.
5655971,Bolton Medical Imaging,905-857-0779,Met standards.
1192028,Bowmanville Centre For Sleep Disorders Inc.,905-697-0832,Met standards.
1330087,Bowmanville X-Ray and Ultrasound,905-623-4512,Met standards.
1816720,Central X-Ray & Ultrasound,905-775-8404,Met standards.
9364847,Bramalea X-Ray and Ultrasound,905-793-5858,Met standards.
3406812,Brampton Respirology,905-595-2870,Facility has not been assessed during current ownership.
8179104,Brampton Sleep Clinic,905-456-3699,Met standards.
8093940,Brampton Vascular Imaging,905-230-2999,Facility has not been assessed during current ownership.
6218000,Brampton Vascular Institute,905-455-4414,Met standards.
5935623,Brampton West Radiology,905-789-5627,Met standards.
3043514,Cottrelle Diagnostic Imaging,905-794-0626,Met standards.
5505751,Elite Diagnostics X-Ray & Ultrasound,905-454-3305,Met standards with some recommendations made for improvement.
4076856,Finchgate X-Ray and Ultrasound,905-792-8440,Met standards.
2523136,Gillingham Ultrasound,905-794-9060,Met standards.
3452164,Gore Diagnostic Imaging,905-913-0222,Met standards.
1391236,Heart Lake X-Ray & Ultrasound,905-846-7733,Met standards.
6158120,MyHealth Centre,,Met standards.
5006169,MyHealth Centre,,Met standards with some recommendations made for improvement.
9491544,MyHealth Centre,,Met standards.
9966412,MyHealth Centre,905-796-4590,Met standards.
2122342,North West Brampton Radiology,905-781-3456,Facility has not been assessed during current ownership.
6506715,Ontario Diagnostic Centre (ODC) - Golden Gate,905-796-9990,Met standards.
6306400,Ontario Diagnostic Centre (ODC) Brampton,905-455-5455,Met standards.
5758151,Prism Eye Institute - Brampton,905-456-3937,Met standards.
2681532,Queen West X-Ray and Ultrasound Services,905-454-3173,Met standards.
157522,Torbram and North Park X-Ray and Ultrasound,905-789-5627,Met standards.
6478174,Uptown Eye Specialists,416-292-0330,Met standards.
1046680,Woodbridge Mall Imaging & Cardiology Clinic,905-913-9191,Met standards.
5056976,Brantford Medical Imaging,519-756-9889,Met standards.
256401,Brantford Radiology Group,519-750-7333,Met standards.
5523772,Brantford Radiology Group,519-759-6089,Met standards.
7300881,Brantford Radiology Group,519-752-6829,Met standards.
896467,Brantford Radiology Group,519-752-6829,Met standards.
9175675,Brantford Radiology Group,519-758-0600,Met standards.
6601306,Dr. E. Y. Lee Ophthalmology Clinic,519-752-7978,Met standards.
5149419,Dr. Robin Bruen,519-752-1133,Met standards.
1464613,Thomsen Medicine Professional Corporation,519-758-8626,Met standards.
3276351,BLC Medical Specialists,905-639-3209,Met standards.
9842694,Dr. Leonard Harris,905-333-9402,Met standards.
309136,Gynob Ultrasound,905-681-1553,Met standards.
8754641,KMH Cardiology Centres Inc.,905-855-1860,Met standards.
423694,ONE Fertility,905-634-4440,Met standards.
1421306,One Vascular - Burlington,905-592-3955,Met standards.
5409190,"Peak Sleep, Burlington",905-632-9015,Met standards.
1023508,StL Diagnostic Imaging,800-268-5804,Met standards.
8432546,StL Diagnostic Imaging,905-637-6608,Met standards.
8621976,StL Diagnostic Imaging,800-268-5804,Met standards.
8592398,StL Diagnostic Imaging,800-268-5804,Met standards.
6449987,StL Diagnostic Imaging,800-268-5804,Met standards.
4923987,StL Diagnostic Imaging,800-268-5804,Met standards.
4097988,StL Diagnostic Imaging,800-268-5804,Met standards.
1313367,StL Diagnostic Imaging,800-268-5804,Met standards.
8045380,StL Diagnostic Imaging,800-268-5804,Met standards.
8414031,Wentworth-Halton X-Ray and Ultrasound Inc.,905-637-7606,Met standards.
2675538,Wentworth-Halton X-Ray and Ultrasound Inc.,905-336-2202,Met standards.
4152906,Wentworth-Halton X-Ray and Ultrasound Inc.,905-331-5438,Met standards.
1754000,Wentworth-Halton X-Ray and Ultrasound Inc.,905-333-6700,Met standards.
1114314,2458568 Ontario Inc.,416-841-0554,Facility has not been assessed during current ownership.
2026913,Caledon X-Ray & Ultrasound,647-403-0741,Facility has not been assessed during current ownership.
3324016,Mayfield Medical Imaging,647-618-6402,Facility has not been assessed during current ownership.
5601769,Mobile Diagnostic Imaging,416-839-0383,Facility has not been assessed during current ownership.
2004864,WELL Health Diagnostic Centres,647-245-9000,Facility has not been assessed during current ownership.
1437712,13769879 Canada Inc.,647-281-7324,Facility has not been assessed during current ownership.
7354767,Alfa-Scan Caledonia,905-765-4059,Met standards.
8077714,Cambridge Diagnostic Imaging Inc.,519-622-0234,Met standards.
5846492,Cambridge Medical Imaging,519-740-1790,Met standards.
2869975,Canamera X-Ray and Ultrasound,519-623-9464,Met standards.
2103687,Franklin X-Ray & Ultrasound,519-623-9464,Facility has not been assessed during current ownership.
3123625,Medi-Share Inc.,519-740-3336,Met standards.
7297831,PEAK Sleep Cambridge,905-338-3331,Met standards.
5512851,True North Imaging,519-623-6060,Met standards.
5061413,One Vascular - Milton,905-636-9755,Facility has not been assessed during current ownership.
7319242,Can Med Equipment Inc.,613-824-3252,Facility has not been assessed during current ownership.
7057816,Merivale Medical Imaging - Carp,613-727-1072,Facility has not been assessed during current ownership.
2671943,Imagerie Medicale Embrun-Casselman Inc.,613-764-6251,Met standards with some recommendations made for improvement.
6929910,Anjema Eye Institute,519-380-0008,Met standards.
5095356,Clear Medical Imaging,519-256-4914,Met standards.
4019989,Clear Medical Imaging,519-256-4914,Met standards.
6020097,Simeunovic Medicine Professional Corporation,519-352-7378,There will be a follow up assessment of BiPap studies
1023856,2729351 Ontario Inc.,905-372-2245,Met standards.
3487302,Cobourg Sleep Clinic,905-373-1227,Met standards.
4208420,Cobourg X-Ray and Ultrasound,289-677-0117,Facility has not been assessed during current ownership.
5642197,Georgian Radiology Consultants - Collingwood,705-444-9280,Met standards.
5344492,Clarity Eye Institute Inc.,416-663-3937,Met standards.
7792106,Uptown Eye Specialists,416-292-0330,Met standards.
9651464,Vaughan Diagnostic and Cardiac Centre,905-417-3001,Met standards.
5536975,Cornwall Radiology Associates Inc.,613-933-7255,Met standards.
5230117,Cornwall Radiology Associates Inc.,613-933-7255,Met standards.
7249105,Dr. Tarek Youssef Medicine Professional Corporation,613-933-9100,Met standards.
7600385,Courtice Health Centre,905-721-4932,Met standards.
1013514,MyHealth Centre,519-428-1243,Met standards.
3617984,Lions Camp Dorset,905-883-2028,Met standards.
6683956,Dundas Medical Imaging,905-627-4625,Met standards with some recommendations made for improvement.
9067225,York X-Ray Management Limited,416-759-3223,Met standards.
659906,Kevin C. Leonard Medicine Professional Corporation,613-342-9756,Met standards.
4999144,Elmira Diagnostic Imaging,519-669-0077,Met standards.
7341419,WNR,519-669-0077,Facility has not been assessed during current ownership.
5556035,Imagerie MÃ©dicale Embrun,613-443-2095,Met standards with some recommendations made for improvement.
2142310,Erin Diagnostic Imaging,519-833-0000,Met standards.
919681,Clear Medical Imaging,519-256-4914,Met standards.
5820546,Cardiac Care Centre,416-740-2500,Met standards.
258207,Create West Fertility Inc.,416-231-4100,Met standards.
336467,Dr. A.I. Kravetz - Eye Physician & Surgeon,416-746-1617,Met standards.
3058099,Dr. S.L. Abel,416-239-1968,Met standards.
2160,E & R Ultrasound,416-613-8595,Met standards.
6599764,Etobicoke-Brampton Sleep Clinic,416-742-0680,Met standards.
5254199,Evans Radiology Services,416-252-5885,Met standards.
6595963,Hitek Medical Imaging,416-248-6696,Met standards.
5234768,Humber Bay Medical Imaging,416-239-3568,Facility has not been assessed during current ownership.
4014432,Humber Valley X-Ray and Ultrasound,416-244-8862,Met standards.
8033567,Kingsway Eye Associates,416-239-1968,Met standards.
7259100,Metro Radiology (Lakeshore),416-781-2050,Met standards.
9062513,MetroWest Pulmonary Diagnostic Inc.,905-848-6079,Facility has not been assessed during current ownership.
1341170,ONTARIO IMAGING - AKRON,416-252-0621,Facility has not been assessed during current ownership.
1066440,Old Mill Radiology and Ultrasound Services,416-781-2050,Met standards.
9998501,One Vascular Etobicoke,416-516-4399,Met standards.
6342467,Ontario Diagnostic Centre (ODC) - Etobicoke,416-621-3961,Met standards.
7479246,Ontario Diagnostic Centre (ODC) - Etobicoke,416-621-3961,Met standards.
1018336,Ontario Diagnostic Imaging Centres (ODIC)  - Humber,416-745-4550,Met standards.
1097398,Ontario Diagnostic Imaging Centres (ODIC) - Albion,416-741-5661,Met standards.
6105659,Ontario Diagnostic Imaging Centres (ODIC) - Rexdale,416-746-3828,Met standards.
4979129,Queensway Sleep Laboratory,416-622-3266,Met standards.
2988099,Richmond Gardens X-Ray & Ultrasound,416-241-9137,Met standards.
2200647,Richmond Gardens X-Ray and Ultrasound,416-241-9137,Met standards.
2549971,Royal View X-Ray & Ultrasound,416-247-5486,Met standards.
1315320,Sleep Care Solutions - Osler Sleep Clinic,416-231-5770,Met standards.
4023504,Toronto Queensway Ultrasound & X-Ray Diagnostics Ltd.,416-252-2225,Met standards.
5120350,Trinity Medical Imaging,416-253-5111,Met standards.
2131921,True North Imaging,647-288-4547,Met standards.
3511991,Vitacorp Diagnostic Inc.,416-762-3818,Met standards.
5196153,Fenelon Falls Diagnostic Imaging,705-887-2244,Facility has not been assessed during current ownership.
3544741,Georgetown X-Ray & Ultrasound,905-873-4600,Met standards.
8294097,Dr. Peter W. Harding,613-741-6904,Met standards.
3979430,Gore Bay Medical Centre X-Ray,705-282-2262,Met standards.
283159,Dr. Keon M. Nia Medicine Professional Corporation,705-687-9520,Met standards.
9011776,Greater Niagara Medical Imaging,289-797-2330,Met standards.
6228834,Dr. Sylvia L. Rodriguez Medicine Professional Corporation,519-265-9022,Met standards.
5527691,Guelph Medical Imaging,226-314-1190,Met standards.
2311145,Guelph Medical Imaging,226-314-1537,Met standards.
899634,Guelph Medical Imaging,226-314-0778,Met standards.
2150369,Guelph Medical Imaging,226-314-0778,Met standards.
2617999,Guelph Pulmonary Function Lab,519-341-3344,Met standards.
5341130,Midtown Women's Ultrasound,,A follow up assessment will be conducted.
7673856,Alfa-Scan Hamilton,905-549-5611,Facility has not been assessed during current ownership.
3461004,Charlton X-Ray and Ultrasound,905-528-1465,Met standards.
6024148,Dr. Nicholas Leyland Medicine Professional Corporation,905-521-2100,Met standards.
171218,Greater Niagara Medical Imaging,905-318-4082,Met standards.
1239760,Greater Niagara Medical Imaging,905-560-8434,Met standards.
1280501,Greater Niagara Medical Imaging,905-318-4082,Met standards.
6442467,Greater Niagara Medical Imaging,905-318-4082,Facility has not been assessed during current ownership.
1664966,"Hamilton Diagnostic Services, X-Ray & Ultrasound",905-522-2220,Met standards.
3005225,Hamilton Eye Physicians and Surgeons,289-860-2200,Facility has not been assessed during current ownership.
5661478,Hamilton Vascular Laboratory,905-538-2260,Facility has not been assessed during current ownership.
2049359,Hart Fertility Centre,905-972-8382,Met standards.
2130346,Limeworth X-Ray & Ultrasound,905-574-7755,Met standards with some recommendations made for improvement.
5515053,Sharda Eye Institute,905-527-5559,Met standards.
5908468,Sleep Disorders Clinic Hamilton,905-529-2259,Met standards.
1783840,Wellington X-Ray and Ultrasound,905-529-1221,Facility has not been assessed during current ownership.
5056225,Wentworth-Halton X-Ray and Ultrasound Inc.,905-522-2344,Met standards.
3906255,Wentworth-Halton X-Ray and Ultrasound Inc.,905-547-3511,Met standards.
6651316,Wentworth-Halton X-Ray and Ultrasound Inc.,905-547-3511,Met standards.
8159666,Wentworth-Halton X-Ray and Ultrasound Inc.,905-522-2344,Met standards.
6054800,Wentworth-Halton X-Ray and Ultrasound Inc.,905-388-0106,Met standards.
7802188,Wilson Medical Centre X-Ray & Ultrasound,905-526-6250,Met standards.
1019605,Advance Medical Imaging,613-632-2828,Met standards.
1154514,Canadian Diagnostic Network,416-824-3252,Facility has not been assessed during current ownership.
3424685,Huntsville CT Clinic,705-789-2311,Met standards.
9454133,WELL Health Diagnostic Centres,705-787-1491,Met standards.
3646159,2820510 Ontario Inc.,705-558-9526,Facility has not been assessed during current ownership.
2674525,Canadian Medical Licences Inc.,613-824-3252,Facility has not been assessed during current ownership.
4499203,Georgian Radiology Consultants - Innisfil,705-431-5641,Met standards.
6156400,Ontario Diagnostic Imaging Centres (ODIC) â€“ Innisfil,705-431-0000,Facility has not been assessed during current ownership.
5620970,Canadian Diagnostic Network,613-824-3252,Facility has not been assessed during current ownership.
2349977,Canadian Diagnostic Network,416-824-3252,Facility has not been assessed during current ownership.
2651790,Canadian Diagnostic Network,613-824-3252,Met standards.
5306447,Canadian Diagnostic Network,613-824-3252,Met standards.
2645846,Canadian Diagnostic Network,613-824-3252,Met standards.
3054654,Canadian Diagnostic Network,613-824-3252,Met standards with some recommendations made for improvement.
984310,Canadian Diagnostic Network,613-824-3252,Met standards.
6621344,Canadian Diagnostic Network Inc.,613-824-3252,Met standards.
9312394,Hillview Urgent Diagnostic Imaging Center,613-824-3252,Met standards.
1208542,Merivale Medical Imaging,613-727-1072,Met standards.
3858202,Merivale Medical Imaging Inc.,613-271-7090,Met standards.
7116100,Keswick Advanced Imaging,905-989-0911,Met standards.
9422897,"King City X-Ray, Ultrasound & Vascular Lab",905-539-0555,Met standards.
1023713,King Clinic Inc.,905-833-5381,Facility has not been assessed during current ownership.
4028209,Galen Eye Centre,613-507-4800,Met standards.
97684,Kingston Imaging Services,613-548-3364,Met standards.
5516558,Kingston Imaging Services,613-548-3364,Facility has not been assessed during current ownership.
3428306,Kingston Imaging Services,613-548-3364,Met standards.
8844468,Kingston MRI,613-384-1220,Met standards.
5476409,Kingston Medical Imaging Inc.,613-384-5488,Met standards.
1043918,Kingston Medical Imaging Inc.,613-549-8775,Met standards.
6084600,Kingston Medical Imaging Inc.,613-548-8775,Met standards.
5476417,Kingston Respiratory Services,613-544-7910,Met standards.
8477146,Limestone City Sleep Lab,613-547-9172,Met standards.
1165189,Noninvasive Cerebrovascular Laboratory,613-389-9640,Met standards.
6123069,Specialty Medical Partners (Kingston) Inc.,613-544-3242,Met standards.
8380567,Clear Medical Imaging,519-256-4914,Facility has not been assessed during current ownership.
4275127,Kingsville Respiratory Lab,204-951-0027,Facility has not been assessed during current ownership.
9728856,2817057 Ontario Inc.,519-579-5311,Facility has not been assessed during current ownership.
1128788,"Chryssa McAlister, Eye Physician and Surgeon",519-579-7000,Met standards.
86164,KMH  Cardiology Centres Inc.,905-855-1860,Met standards.
6021198,KMH MRI Inc.,905-855-1860,Met standards.
8315668,Kitchener-Waterloo Vascular Laboratory,519-585-1116,Met standards.
9156707,Nimesh Desai Medicine Professional Corporation,519-804-8858,Met standards.
2013561,ONE Fertility Kitchener Waterloo,519-650-0011,Met standards.
9128031,PEAK Sleep Kitchener,905-338-3331,Met standards.
4428801,S. Peng Medicine Professional Corporation,519-579-0624,Facility has not been assessed during current ownership.
1019914,TLC Laser Eye Centers (Waterloo),519-888-4502,Facility has not been assessed during current ownership.
2642434,True North Imaging,519-742-2636,Facility has not been assessed during current ownership.
2946427,True North Imaging,519-742-2636,Met standards.
3423195,True North Imaging,519-742-2636,Met standards.
3842356,True North Imaging,519-748-6844,Met standards.
9645264,True North Imaging,519-742-2636,Met standards.
2681045,Clear Medical Imaging,519-256-4914,Met standards.
1095686,Essex County Respiratory Services,519-739-2727,Met standards.
7643018,Leamington Sleep Laboratory (Essex) Ltd.,519-325-1333,Met standards.
5201893,Merivale Medical Imaging - Limoges,613-727-1072,Facility has not been assessed during current ownership.
3425711,Alysia Zhou Medicine Professional Corporation,705-324-9400,Met standards.
4591009,Dr. David Lane,705-320-8080,Met standards.
4052919,Kawartha Imaging Lindsay Ultrasound and X-Ray,705-324-0101,Met standards.
1791799,Kawartha Imaging Lindsay Ultrasound and X-Ray Inc.,705-324-0101,Met standards.
5862577,MyHealth Centre,705-328-6171,Met standards.
5711840,London X-Ray Associates,519-438-8131,Met standards.
8423583,London X-Ray Associates,519-672-5270,Met standards.
101893,London X-Ray Associates,519-672-5270,Met standards.
3054106,London X-Ray Associates,519-659-4158,Met standards.
1401372,London X-Ray Associates Inc.,519-657-8246,Met standards.
4201319,London X-Ray Associates Inc.,519-659-4158,Met standards.
7477927,Mackenzie Clinic,519-337-7535,Met standards.
673329,MyHealth Centre,519-661-0275,Met standards.
3011387,MyHealth Centre,519-439-5555,Met standards.
5922447,MyHealth Centre,226-663-2933,Met standards.
6341894,MyHealth Centre,226-663-2933,Met standards.
2299605,Omega Fertility Center Inc.,519-685-5559,Met standards.
2601890,One Vascular Corp. - London,519-913-2910,Met standards.
6988415,PEAK Sleep London,905-338-3331,Facility has not been assessed during current ownership.
4123551,Westminster Mobile Medical Imaging Inc.,519-601-3007,Met standards.
93490,Lucan Diagnostic Imaging,416-841-0554,Met standards.
3046918,MyHealth Centre - Mobile,647-245-9000,Facility has not been assessed during current ownership.
6479726,Humber Valley Imaging Vaughan,416-748-8434,Met standards.
1876720,Med-Scan Ultrasound Services Ltd.,905-832-9125,Met standards.
5949017,Metro Radiology (Vaughan),416-781-2050,Met standards.
6601506,True North Imaging,905-707-1777,Met standards.
3122506,Vaughan Cardiac Imaging,416-748-8434,Facility has not been assessed during current ownership.
5446730,Vitalim Diagnostic Imaging,647-557-2262,Met standards with some recommendations made for improvement.
2699424,Cachet X-Ray and Ultrasound,905-887-3831,Met standards.
1754847,Canadian Vascular Laboratory,289-301-6622,Met standards.
9096124,DMS X-Ray,416-748-8434,Met standards.
5634290,Dialysis Management Clinics Inc.,905-470-9992,Met standards.
2086353,Dr. Alan L. MacDonald,905-294-1331,Met standards.
9966472,KMH Cardiology Centres Inc.,905-855-1860,Met standards.
3704912,KMH MRI Inc.,905-855-1860,Met standards.
9071108,Karma Ultrasound,519-570-3660,Met standards.
6477901,Markham Diagnostic Centre,905-294-6020,Met standards.
9669730,Markham Imaging Consultants,905-471-6996,Met standards.
3862680,Martow Ophthalmology Clinic,905-472-7148,Met standards.
1276899,Ontario Imaging Diagnostics (OID) - Markham,905-294-4880,Met standards.
7855678,True North Imaging,905-472-2713,Met standards.
2073604,True North Imaging,905-472-4915,Met standards.
8022301,Unionville Diagnostic Imaging,905-479-3945,Met standards.
7307202,Woodbine Steeles Sleep Clinic,416-628-4010,Met standards.
3684649,Huronia Medical Centre X-Ray & Ultrasound,705-526-5000,Met standards.
2428912,Scanlan and Jones Medicine Professional Corporation,705-527-7744,Met standards.
5200302,Sheppard Court X-Ray and Ultrasound,705-526-5000,Met standards.
6525556,Credit Valley Diagnostic Centre,289-350-2560,Met standards.
4791326,Credit Valley Diagnostic Centre,289-350-2560,Met standards.
7174424,MedSleep Milton,905-636-7992,Met standards.
5261893,MyHealth Centre,905-878-8831,Met standards.
4164804,OHC Nuclear,905-804-7000,Facility has not been assessed during current ownership.
917765,Ontario Diagnostic Centres (ODC) - Milton,905-875-2900,Met standards.
1096910,AFG Imaging,905-949-6999,Met standards.
3512576,"Apple-Med X-Ray, Ultrasound and Mammography",905-566-1548,Met standards.
7187966,Astra Minimally Invasive Surgery Unit,905-272-3776,Met standards.
9852054,Credit Valley Diagnostic Centre,905-828-7767,Facility has not been assessed during current ownership.
5306449,Credit Valley Diagnostic Centre Inc.,905-828-2066,Met standards.
4791536,Credit Valley Pulmonary Diagnostics,905-569-7600,Met standards.
2465946,Credit Valley X-Ray and Ultrasound,905-812-1066,Met standards.
8361818,Dixie X-Ray Associates,905-625-9886,Met standards.
9997530,Dixie X-Ray Associates - Burnhamthorpe,905-624-3869,Met standards.
2685185,Dixie X-Ray Associates - City Centre,905-270-5933,Met standards.
7641693,Dixie X-Ray Associates - Highpoint,905-625-9886,Met standards.
92384,GNMI MRI & CT,905-568-3768,Met standards.
5094573,GNMI MRI & CT,905-426-8976,Met standards.
8919908,GNMI MRI & CT,905-568-3768,Met standards.
3023145,GraceMed-McLean Clinic,905-273-4888,Met standards.
7031510,KMH Cardiology Centres Inc.,905-855-1860,Met standards.
3700104,KMH Cardiology Centres Inc.,905-855-1860,Met standards.
1149497,Malton Medical Radiology & Ultrasound,905-677-6473,Met standards.
6658219,Medscan Medical Imaging,905-673-1756,Facility has not been assessed during current ownership.
8443988,Medscan Medical Imaging,905-650-0979,Facility has not been assessed during current ownership.
5002106,Metro Radiology (Dundas),416-781-2050,Met standards.
9077907,Mississauga Diagnostic Imaging & Breast Centre,905-897-9711,Met standards.
1575789,Mississauga Radiology,905-286-9155,Met standards.
5463510,Mississauga Vascular Laboratory and Ultrasound Imaging,905-949-4488,Met standards.
3413583,MyHealth Centre,416-572-1725,Met standards.
8102441,MyHealth Centre - Mississauga,905-828-0653,Met standards.
5123616,Newlife Fertility Centre,905-896-7100,Met standards.
3433683,OHC Vascular Inc.,905-804-2260,Met standards.
3898523,One Heart Care,905-804-7000,Met standards.
2678588,Ontario Diagnostic Centre (ODC) - 71 King,905-897-1144,Met standards.
5066420,Ontario Diagnostic Centre (ODC) - Clarkson,905-822-9671,Met standards.
3362255,Ontario Diagnostic Centre (ODC) - Credit Valley,905-279-1144,Met standards.
1461001,Ontario Diagnostic Centre (ODC) - Meadowvale,416-231-3369,Met standards.
4001894,Ontario Diagnostic Centre (ODC) - Square One,905-896-2900,Met standards.
5043916,Ontario Diagnostic Centre (ODC) - Trillium,905-896-1144,Met standards.
1123910,Ontario Mobile Imaging Inc.,416-562-3734,Facility has not been assessed during current ownership.
6633552,Park-Med X-Ray Services,905-286-8155,Met standards.
5542672,"Peak Sleep, Mississauga",905-338-3331,Met standards.
2055985,Physicians Diagnostic X-Ray & Ultrasound Services,905-206-1300,Met standards.
9991410,Queensway X-Ray and Ultrasound Clinic,905-897-6970,Met standards.
1124016,Sussex Centre,647-982-8607,Met standards.
4137196,TTMP Diagnostics Inc.,905-804-7000,Facility has not been assessed during current ownership.
2046597,The Plastic Surgery Clinic Inc.,905-278-7077,Met standards.
5419181,Tri-Hospital Sleep Laboratory West,905-566-1010,Facility has not been assessed during current ownership.
6152140,True North Imaging,905-286-1049,Met standards.
5907025,Bio-Test Radiology Services,613-789-4242,Met standards.
5479040,Canadian Diagnostic Network,613-824-3252,Met standards.
5941130,Canadian Diagnostic Network Inc.,613-824-3252,Met standards with some recommendations made for improvement.
5923144,Canadian Diagnostic Network Inc.,613-714-9855,Met standards.
4276791,Canadian Diagnostic Network South Inc.,613-723-6924,Met standards.
9653578,Canadian Medical Licences Inc.,613-824-3252,Met standards.
4646978,Merivale Medical Imaging,613-727-1072,Met standards.
9601064,Merivale Medical Imaging,613-727-1072,Met standards.
5426830,Women's Ultrasound Centre,613-224-9848,Met standards.
3197120,Ultrascan Medical Diagnostic Imaging,519-390-7226,Met standards.
2943444,Ultrascan Medical Diagnostic Imaging,647-332-7462,Facility has not been assessed during current ownership.
1238765,Bayview Diagnostic Imaging,905-953-9044,Met standards.
7400617,Canadian Vascular Laboratories,905-953-9044,Met standards.
2952163,Dr. Eugene S. Liu Medicine Professional Corporation,905-895-8738,Met standards.
4750600,Medical Eye Consultants,905-235-8055,Met standards.
6041443,MyHealth Centre,905-836-2626,Met standards.
7398890,X-Ray Associates,416-895-1313,Met standards.
8177301,York County Sleep Disorders Centre,905-895-3487,Met standards.
5999996,Greater Niagara Medical Imaging,905-354-8448,Met standards.
2587918,Greater Niagara Medical Imaging,905-684-6388,Met standards.
2857823,J.B.V. Management Services Ltd.,905-374-1686,Met standards.
1357216,Lung Diagnostics Niagara Inc.,289-296-3157,Met standards.
4971684,Medsleep Inc.,905-374-6453,Met standards.
1649261,Niagara Eye Institute,905-358-6121,Met standards.
5259129,Niagara Falls X-Ray & Ultrasound,905-374-1686,Met standards.
8827980,Niagara Plastic Surgery Centre,905-357-2360,Met standards.
2761662,One Vascular Imaging - Niagara,905-356-3500,Met standards.
4026910,Optimum MediSpa,905-354-5323,Met standards.
7381723,Peninsula Eye Associates,905-371-3217,Met standards.
7072621,Rosedale Centre for Plastic Surgery,905-357-2360,Met standards.
9152094,Algonquin X-Ray & Ultrasound Services,705-476-6228,Met standards.
479414,Diagnostic Sleep Clinic,647-407-0343,Met standards.
8620970,Eye Specialists of Northern Ontario,705-495-2212,Met standards.
6302141,Eye Specialists of Northern Ontario,705-495-2212,Met standards.
2092219,North Bay Vascular Services,705-474-3150,Met standards.
9213446,Anova Fertility & Reproductive Health,416-225-4440,Met standards.
4600375,Appleton Clinic Sleep Centre,416-635-0909,Met standards.
7259110,Bathurst Lawrence Nuclear Imaging,416-781-9500,Facility has not been assessed during current ownership.
5755971,Bathurst Medical Centre X-Ray & Ultrasound,416-997-6170,Met standards.
5460296,Bathurst-Sheppard Diagnostic Imaging Centre,416-226-6941,Met standards.
4220266,Bathurst-Sheppard Diagnostic Imaging Centre,416-226-6941,Met standards.
9827632,Bernard X-Ray & Ultrasound,416-787-0229,Met standards.
372397,CCMSU Medical Imaging,416-391-5778,Met standards.
56104,CCMSU Medical Imaging,416-391-5778,Met standards.
6714271,Centre for Sleep and Chronobiology Inc.,416-746-3012,Met standards.
5381746,Charlotte I. Wedge Medicine Professional Corporation,416-922-2052,Met standards.
4327119,D.J. Weinstock Medicine Professional Corporation,416-221-2442,Facility has not been assessed during current ownership.
1236356,Dixie X-Ray Associates - Oakdale,416-745-8050,Met standards.
3872770,Dixie X-Ray Associates - Oakdale,416-745-8050,Met standards with some recommendations made for improvement.
3432501,Don Mills Diagnostic Imaging,416-510-9977,Met standards.
899840,Downsview Clinic,416-633-0045,Met standards.
7441460,Downsview X-Ray & Ultrasound,416-633-6619,Met standards.
6359249,Dr. Joseph J.K. Ma Medicine Professional Corporation,416-221-2093,Met standards.
7635696,Dr. Kranemann Medicine Professional Corporation,416-289-4000,Met standards.
391536,Finch Weston X-Ray & Ultrasound,416-644-0347,Met standards.
9718852,Finchview X-Ray & Ultrasound,416-633-4441,Met standards.
1277724,FirstSight Medical Imaging Centre,905-780-0778,Facility has not been assessed during current ownership.
5413507,Harmony Ultrasound Imaging Inc.,437-253-5008,Facility has not been assessed during current ownership.
1147879,Hitek Medical Imaging,416-493-1011,Met standards.
2649434,Hitek Medical Imaging,416-493-1011,Met standards.
8249983,Hitek Medical Imaging,416-222-6989,Met standards.
6450566,Hitek Medical Imaging,416-222-6989,Met standards.
4627346,Hitek Medical Imaging,647-346-9002,Met standards.
2201541,Humber Diagnostics Center,416-631-7581,Met standards.
5051744,Humber Diagnostics Center Inc.,416-631-7581,Met standards.
4999844,Jane Centre X-Ray & Ultrasound,416-745-1664,Met standards.
5606887,Jane Wilson Imaging Centre,416-245-4111,Met standards.
6542468,Jane-Shoreham Diagnostic Services,416-661-4441,Met standards.
3855279,KMH Cardiology Centres Inc.,905-855-1860,Met standards.
5116153,Keele & Lawrence Ultrasound,416-243-8487,Met standards.
2585972,Keelson X-Ray & Ultrasound,416-221-2644,Met standards.
8422510,Lighthouse Medical Imaging - Fairview,416-499-3559,Met standards.
5456687,Lighthouse Medical Imaging - Fairview,416-499-3559,Met standards.
2611505,Lighthouse Medical Imaging - Sheppard,,Met standards.
5344747,MCF Reproductive & Health Services,416-221-4602,Met standards.
3996912,Malvern Ultrasound & Mammography,416-449-8289,Met standards.
7698830,Metro Radiology (Wilson),416-781-2050,Met standards.
9979238,Metro Radiology Ltd.,416-462-0064,Met standards.
6346094,MyHealth Centre,416-223-5460,Met standards.
6882555,North Toronto Eye Care Inc.,416-748-2020,Facility has not been assessed during current ownership.
969265,North York Diagnostic and Cardiac Centre,416-783-0000,Met standards.
1012598,North York Diagnostic and Cardiac Centre,416-783-0000,Met standards.
7514768,North York Pulmonary Function Center Inc.,416-636-6664,Met standards.
2984302,North York Sleep & Diagnostic Centre Inc.,416-642-4232,Met standards.
3031776,Northwest Imaging Associates,416-781-2050,Met standards.
8100003,Northwest Imaging Associates,416-781-2050,Met standards.
5058023,ONTARIO IMAGING DIAGNOSTIC - Wynford,416-443-2626,Met standards.
2021087,One Vascular - North York,416-934-2144,Facility has not been assessed during current ownership.
4042591,Ontario Diagnostic Imaging Centres (ODIC) â€“ North York,416-783-9940,Facility has not been assessed during current ownership.
6710205,PDS Diagnostic Imaging,416-741-2766,Met standards.
5076918,PDS Diagnostic Imaging,416-741-2766,Met standards.
2089444,Rajinder Rathee Medicine Professional Corporation,416-494-7455,Met standards.
2479120,Sleep Diagnostics Centre,416-218-8770,Met standards.
3153812,Toronto Cardiac Diagnostics,416-691-3111,Met standards.
6661241,Toronto Lung Care Clinic,416-229-2315,Met standards.
7815710,Toronto Sleep Clinic,416-299-0400,Met standards.
4976719,Toronto West Cardiac & Radiology Institute,416-820-3143,Met standards.
2313077,Toronto West Cardiac and Medical Imaging Centre,416-740-3184,Met standards with some recommendations made for improvement.
1423510,Tripod Fertility,905-201-3420,Met standards.
1826494,True North Imaging,416-229-6887,Met standards.
7321714,True North Imaging - The Board Walk,905-707-1777,Met standards.
3041449,Ultimate Diagnostics Inc.,416-223-6500,Met standards.
1716639,Universal Pulmonary Function Laboratory,416-256-0600,Met standards.
7845546,Universal Sleep Disorder Clinic,416-256-0600,Met standards.
1102447,Victoria Terrace X-Ray & Ultrasound,416-750-4555,Met standards.
4689533,Victoria X-Ray Ultrasound,416-335-0323,Met standards.
2546871,Yonge Sheppard X-Ray & Ultrasound,647-288-1508,Facility has not been assessed during current ownership.
4610057,York Finch Eye Associates,416-745-6969,Met standards.
9891410,York Nuclear Cardiac Imaging,416-494-0030,Met standards.
3824216,York Radiology Consultants & The Breast Centre,416-494-7407,Met standards with some recommendations made for improvement.
6801400,York Radiology and Ultrasound Consultants,416-223-4884,Met standards.
2076728,York Ultrasound,416-913-4228,Met standards.
2460946,York Ultrasound Consultants,416-494-8800,Met standards.
6200566,York X-Ray Management Limited,647-427-0195,Met standards.
1509129,Yorkview X-Ray & Ultrasound,416-631-0007,Met standards.
5401460,Bronte Vascular Ultrasound,905-901-5252,Facility has not been assessed during current ownership.
2546447,Halton Cardiac and Nuclear Imaging,941-327-1615,Facility has not been assessed during current ownership.
1982119,Hospital Gate X-Ray & Ultrasound,905-825-8545,Met standards.
1544413,Oakville Diagnostic Imaging,905-337-7202,Met standards.
3046724,One Vascular Imaging - Oakville,905-815-0999,Facility has not been assessed during current ownership.
5821598,Ontario Diagnostic Centre (ODC) - Oakville,905-287-2038,Met standards.
3171114,"Peak Sleep, Oakville",905-338-3331,Met standards.
5461810,Prism Eye Institute - Mississauga,905-456-3937,Met standards.
4172891,Trafalgar X-Ray and Ultrasound,905-845-0014,Met standards.
8130576,Wentworth-Halton X-Ray and Ultrasound Inc.,905-469-2524,Met standards.
6587309,Wentworth-Halton X-Ray and Ultrasound Inc.,905-844-0181,Met standards.
1021308,Wentworth-Halton X-Ray and Ultrasound Inc.,905-469-2524,Met standards.
4053917,Wentworth-Halton X-Ray and Ultrasound Inc.,905-469-2524,Met standards.
3201545,MyHealth Centre,519-943-0022,Met standards.
3980103,Orangeville Medical Imaging,519-942-3101,Met standards.
938961,Dr. Donald R. Nixon,705-327-5776,Met standards.
456976,Hillson Medicine Professional Corporation,705-325-6591,Met standards.
56809,Memorial Ave. X-Ray and Ultrasound,705-326-2244,Met standards.
8134489,Orillia X-Ray & Ultrasound Inc.,705-327-0744,Met standards.
5592602,Canadian Diagnostic Network,613-824-3252,Met standards.
4405477,Canadian Diagnostic Network,613-824-3252,Met standards.
3279068,Canadian Diagnostic Network East Inc.,613-824-3252,Met standards.
5936493,Ottawa Cardiovascular Centre - Orleans,613-749-5421,Facility has not been assessed during current ownership.
3177417,Premier Imaging Inc.,613-686-1904,Met standards.
9571127,Bethany Medical Properties Inc.,613-824-3252,Met standards.
1876782,Dr. M. Mikhail Medicine Professional Corporation,905-434-2669,Met standards.
4076791,King Street X-Ray & Ultrasound,905-721-3588,Met standards.
5051268,"Manjula Misra, MD, FRCSC",905-721-4914,Met standards.
957098,MyHealth Centre - Oshawa Nuclear Medicine,905-723-3110,Met standards.
1548875,North Oshawa X-Ray and Ultrasound,905-579-1208,Met standards.
5846903,Oshawa Advanced Imaging,,Facility has not been assessed during current ownership.
7288988,Oshawa Diagnostic Imaging,905-438-0555,Met standards.
9022036,Oshawa Ultrasound Diagnostic Services,905-576-2622,Met standards.
8823157,Oshawa Vascular Laboratory and Ultrasound Imaging,905-438-0555,Met standards.
6503755,Oshawa X-Ray and Ultrasound,905-579-1445,Met standards.
8477160,Oshawa-Durham Sleep Laboratory,905-436-6163,Met standards.
5611024,True North Imaging (Oshawa Diagnostic Imaging),905-674-0594,Facility has not been assessed during current ownership.
1464810,Bank Respiratory Services,613-523-4444,Met standards.
4171308,Bio-Test Radiology,613-737-6872,Met standards.
7724098,Canadian Diagnostic Network,613-824-3252,Met standards.
5051367,Canadian Diagnostic Network,613-824-3252,Met standards.
972397,Canadian Diagnostic Network,613-824-3252,Facility has not been assessed during current ownership.
8806931,Canadian Diagnostic Network,613-824-3252,Facility has not been assessed during current ownership.
2901413,Canadian Diagnostic Network,613-824-3252,Met standards.
156467,Canadian Diagnostic Network,613-824-3252,Facility has not been assessed during current ownership.
1966725,Canadian Diagnostic Network,613-824-3252,Met standards.
6768912,Canadian Diagnostic Network,613-824-3252,Met standards.
3406312,Canadian Diagnostic Network Inc.,613-824-3252,Met standards.
1424304,Canadian Medical Licences Inc.,613-824-3252,Licensee has indicated that all recommendations have been addressed.
844166,Canadian Medical Licences Inc.,613-824-3252,Met standards.
7499244,Carling Pulmonary Function Services,613-729-8262,Met standards.
7462261,Carling Ultrasound,613-728-2806,Met standards.
1755537,Dr. Peter Agapitos,613-236-9929,Met standards.
1966730,Dr. Peter J. Konzuk,613-237-3166,Met standards.
7431393,Everest Surgicentre,613-724-3937,Facility has not been assessed during current ownership.
4412910,Herzig Eye Institute Ottawa,613-800-1680,Facility has not been assessed during current ownership.
9721107,Kilborn Nuclear Imaging,613-738-8098,Facility has not been assessed during current ownership.
156468,Merivale-Hunt Club,613-727-1072,Met standards.
4139984,Ottawa Birth and Wellness Centre,613-260-1441,Met standards.
2780785,Ottawa Eye Associates,613-226-2801,Met standards.
8958536,Ottawa Eye Clinic,613-745-7844,Met standards.
7565349,Precision Cornea Centre Inc.,613-746-2244,Facility has not been assessed during current ownership.
5054894,Sound Diagnosis,613-739-4711,Met standards.
2876790,The Morgentaler Clinic,416-932-0446,Met standards.
5005756,The Ottawa Fertility Centre Inc.,613-686-3378,Met standards.
4363375,West Ottawa Sleep Centre,613-722-9900,Met standards.
3180971,iCare Surgical Centre,613-596-0300,Met standards.
5812004,iCare Surgical Centre,613-596-0300,Facility has not been assessed during current ownership.
3090625,Dr. Norman Mainville Medicine Professional Corporation,519-376-2121,Met standards.
5081582,Owen Sound Medical Imaging,519-376-2000,Met standards.
3116962,Brantford Radiology Group,226-806-5829,Met standards.
2149972,A. Shoughary Medicine Professional Corporation,613-717-5054,Met standards.
5106332,2601398 Ontario Inc.,613-824-3252,Facility has not been assessed during current ownership.
6004800,Canadian Diagnostic Network,613-824-3252,Met standards.
9991980,Canadian Diagnostic Network,613-824-3252,Facility has not been assessed during current ownership.
1813156,1853805 Ontario Ltd.,705-740-6802,Met standards.
1663135,Apex Diagnostic Services,705-874-6660,Met standards.
4013891,Dialysis Management Clinics Inc.,705-876-8737,Met standards.
4441238,Kawartha Diagnostic Imaging,705-745-9195,Met standards.
9669790,Kawartha Respirology Diagnostic Services Inc.,705-775-1021,Met standards.
5041744,Medical Arts X-Ray,705-743-7810,Met standards.
954510,Medical Centre Diagnostic Services,705-876-4513,Met standards.
144166,Medical Centre Diagnostic Services,705-876-4513,Met standards.
8033569,Peterborough Vascular Lab Inc.,705-748-9242,Met standards.
6397967,The Medical Centre,705-749-9695,Met standards.
5320546,The Peterborough Clinic,705-743-2040,Met standards.
5409604,Trent Regional Sleep Clinic,705-741-3923,Met standards with some recommendations made for improvement.
7597613,Turnbull Diagnostic Imaging,705-742-3639,Met standards.
1203541,1853805 Ontario Ltd.,705-740-6802,Met standards.
4443981,Dialysis Management Clinics Inc.,905-831-1200,Met standards.
2351968,EXR Medical Imaging - Pickering Location,905-839-1806,Met standards.
5403904,MyHealth Centre,905-420-3068,Met standards.
2860601,Pickering Centre For Sleep Disorders,905-420-9626,Met standards.
9367999,Pickering Diagnostic Imaging Centre,905-831-2255,Met standards.
3033991,Sarnia Diagnostic Imaging Inc.,519-491-8377,Met standards.
911893,Port Hope X-Ray & Ultrasound,416-781-2050,Met standards.
1366497,Port Perry Imaging,905-985-9727,Met standards.
8667902,Bayview Diagnostic Centre,905-604-8400,Met standards.
6419378,Bayview Hill Diagnostic Imaging,905-237-9366,Met standards.
6346054,Care Medical Imaging,905-780-1125,Met standards.
1539185,Chalmers Gate X-Ray & Ultrasound,905-731-4007,Met standards.
3218304,Dr. Ali Ahadian,905-707-9333,Facility has not been assessed during current ownership.
8087364,Oak Ridges Medical Diagnostic Imaging,905-773-6861,Met standards.
3570063,Richmond Hill Diagnostic Center,905-884-0904,Facility has not been assessed during current ownership.
2620058,Richmond Hill Diagnostic Centre,905-884-0904,Met standards.
7936930,Richmond Hill Sleep and Lung Institute,905-764-8808,Met standards.
7525902,X-Ray Associates,905-737-0595,Met standards.
5419692,York Region Sleep Disorders Centre,905-773-7842,Met standards.
2771167,2601398 Ontario Inc.,613-824-3252,Facility has not been assessed during current ownership.
3306447,Canadian Diagnostic Network,613-824-3252,Facility has not been assessed during current ownership.
4262698,Clarence - Rockland Imaging,613-446-4263,Met standards with some recommendations made for improvement.
1391442,Plantagenet Imaging,613-446-4263,Met standards with some recommendations made for improvement.
7761988,Rockland Imaging,613-446-4263,Met standards.
8597363,Bluewater Sleep Disorder Clinic,519-332-5333,Met standards.
6250390,Dr. Murari Patodia,519-336-4448,Met standards.
5905974,MyHealth Centre,519-336-8110,Facility has not been assessed during current ownership.
2391566,MyHealth Centre,519-336-8110,Facility has not been assessed during current ownership.
2699434,Dr. Elizabeth Golesic Medicine Professional Corporation,705-450-7121,Met standards.
8998526,Dr. Mark Bariciak,705-949-5182,Met standards.
614160,MyHealth Centre,705-759-1144,Met standards.
8423504,MyHealth Centre,705-759-1144,Met standards.
841536,MyHealth Centre,705-759-1144,Met standards.
5016914,Superior Sleep Centre Inc.,705-254-3312,Met standards.
7147908,The Group Health Centre,705-759-5551,Met standards.
7209495,Agincourt Pulmonary Services,416-321-2613,Met standards.
5038767,Alton Towers X-Ray and Ultrasound Services,416-792-6314,Met standards.
6867950,Antrim X-Ray and Ultrasound,647-352-6314,Met standards.
6476722,"Bellesmere X-Ray, Ultrasound & Bone Density",416-289-2280,Met standards.
3111683,Brimley Wenlock X-Ray & Ultrasound,416-292-3883,Met standards.
5182135,"Brimley X-Ray,Ultrasound & Bone Density",416-299-7677,Met standards.
5050068,Corcare Nuclear Medicine,416-284-4744,Met standards.
823597,Diagnostic Assessment Centre,416-291-7300,Facility has not been assessed during current ownership.
6812145,Donvale Ultrasound Services Ltd.,416-694-2198,Met standards.
3256753,Donvale X-Ray,416-694-2194,Met standards.
747966,Donway X-Ray,416-759-3462,Met standards.
5175509,Dr. Walter Liao,416-299-1484,Facility has not been assessed during current ownership.
6026877,East End Breast Imaging,416-820-3143,Met standards.
9641407,Eglinton Danforth Road Radiology,416-977-2548,Met standards.
6399969,Eglinton Danforth Road Radiology,416-977-2548,Met standards.
8186413,Ellesmere Sleep Disorders Centre,416-439-0130,Met standards.
7951319,Ellesmere X-Ray Associates,416-284-1697,Met standards.
331166,Goldberg Centre,416-754-3937,Met standards.
36164,Golden Radiology,416-701-1222,Met standards.
6446292,IVF Canada,416-754-1010,Met standards.
406443,KMH Cardiology Centres Inc.,905-855-1860,Met standards.
9362513,Kennedy & Sheppard Diagnostic Clinic,416-299-9895,Met standards.
3577982,Kennedy and Sheppard Diagnostic Clinic,416-299-9895,Met standards.
3011367,King-Mar Diagnostic Centre,416-264-4343,Met standards.
1155846,Lawrence and Midland Radiology Centre,416-288-1333,Met standards.
9592312,Lawrence-Kingston Road X-Ray & Ultrasound,416-281-4167,Met standards.
4901319,Lighthouse Medical Imaging - Finch,416-293-5940,Met standards.
1344410,Lighthouse Medical Imaging - Finch,416-293-5940,Met standards.
9808292,Lucent Medical Imaging,416-466-4152,Met standards.
5868472,Malvern Sleep Clinic,416-282-9119,Met standards.
2346477,Markham-Lawrence X-Ray & Ultrasound,416-431-1889,Met standards.
1476703,Markham-Lawrence X-Ray and Ultrasound,416-431-1889,Met standards.
8125414,Med Image Diagnostic Centre,416-287-1818,Met standards.
6410566,Metro Radiology (Markham),416-781-2050,Met standards.
2251547,Milliken Finch Diagnostic Imaging,416-292-1505,Met standards.
6543634,Milliken Wells X-Ray and Ultrasound,416-321-2670,Met standards.
3033585,Ming Wui Medical Centre,416-903-3320,Facility has not been assessed during current ownership.
1880121,Ming Wui Medical Centre,416-903-3320,Facility has not been assessed during current ownership.
2211548,MyHealth Centre,416-690-9437,Met standards.
6678190,MyHealth Centre,416-690-9437,Met standards.
5972525,MyHealth Centre,416-690-9437,Facility has not been assessed during current ownership.
8661227,MyHealth Centre,416-690-9437,Met standards.
200177,North Scarborough X-Ray & Ultrasound,416-497-4452,Met standards with some recommendations made for improvement.
4140949,North Toronto Sleep Centre Inc.,416-293-3233,Met standards.
3062794,Ontario Imaging Center - Scarborough,416-298-9752,Met standards.
6328797,Ontario Imaging Diagnostics (OID) - 3000 Lawrence,416-438-6636,Met standards.
8379411,Ontario Imaging Diagnostics (OID) - Compu-Sound Vascular Lab,416-431-5885,Met standards.
8002369,Ontario Imaging Diagnostics (OID) - Markham & Ellesmere,416-439-4866,Met standards.
5563222,Quantum Medical Imaging Services Inc.,416-756-7667,Met standards.
9611404,Radiant Medical Imaging,416-321-9243,Met standards.
7215989,Respiratory & PFT Services Inc.,647-343-3579,Met standards.
8170383,SLEEP CARE Solutions Scarborough,416-292-3218,Met standards.
9593010,Scarborough Cardiac Diagnostic Centre,416-750-9000,Met standards.
7026614,Scarborough Clarity Eye,416-663-3937,Met standards.
8077920,Scarborough Eye Associates,416-438-6001,Met standards.
2151417,Scarborough North Pulmonary Function Services Inc.,416-293-3233,Met standards.
1259588,Scarborough Radiology,416-757-8497,Met standards.
1923550,Scarborough Women's Imaging Centre,416-296-1911,Met standards.
8005265,Sheppard Court X-Ray & Ultrasound,416-226-3444,Met standards.
3075544,Silver Star X-Ray & Ultrasound,416-221-2644,Met standards.
3018297,Sleep-Wake Disorders Clinic,416-751-4356,Met standards with some recommendations made for improvement.
2853922,Taigu X-Ray and Ultrasound,416-299-3443,Met standards.
4124581,Toronto Diagnostic Centre,416-288-1114,Met standards.
5265117,Toronto Diagnostic Centre,416-288-1114,Met standards.
1134842,Toronto East X-Ray and Ultrasound,647-350-0401,Met standards.
1057016,Toronto East X-Ray and Ultrasound,416-624-3626,Met standards.
5225596,Toronto Lung Care Clinic,416-439-0130,Met standards.
6057990,Toronto Lung Care Clinic - East,416-439-0130,Met standards.
8513766,Trillium Sleep Laboratory,416-292-8292,Met standards.
8219102,True North Imaging,416-291-4770,Met standards.
2601696,True North Imaging,905-707-1777,Met standards.
2350366,Ultimate Diagnostics,416-298-3656,Met standards with some recommendations made for improvement.
1670323,Uptown Eye Specialists (Scarborough),416-292-0330,Met standards.
208101,VPM Imaging,416-759-3462,Met standards.
2363315,VPM Imaging,416-759-3462,Met standards.
9132225,WELL Health Diagnostic Centres,416-690-9437,Met standards.
3966782,Warden Woods X-Ray and Ultrasound,416-699-6222,Met standards.
4706496,West Hill Medical Imaging Inc.,416-792-8222,Met standards.
3851600,S. Sivakumar Medicine Professional Incorporated,519-426-9851,Met standards.
5901814,Simcoe Diagnostic Imaging,519-426-5068,Met standards.
1106997,WELL Health Diagnostic Centres,519-428-1243,Met standards.
4223075,WELL Health Diagnostic Centres,519-428-1243,Met standards.
8163056,Canadian Medical Licences Inc.,613-824-3252,Facility has not been assessed during current ownership.
850846,Barclay Diagnostic Imaging,905-934-3838,Met standards.
3612839,Greater Niagara Medical Imaging,905-685-0132,Met standards.
2391559,Greater Niagara Medical Imaging,905-685-0132,Met standards.
6941194,Greater Niagara Medical Imaging,905-684-6388,Met standards.
8315235,Greater Niagara Medical Imaging,905-935-0270,Met standards.
6797226,Greater Niagara Medical Imaging,905-684-6388,Met standards.
8195934,KMH Cardiology Centres Inc.,905-855-1860,Met standards.
6056366,One Vascular - St. Catharines,905-688-5959,Facility has not been assessed during current ownership.
4137151,Sleep Disorders Clinic of Greater Niagara,905-529-2259,Met standards.
5280982,Elgin Imaging Services,519-631-6437,Facility has not been assessed during current ownership.
8885646,Southwest Ultrasound Limited,519-617-6251,Met standards.
460477,Avantia Medical Imaging and Restorative Health,613-714-1000,Met standards.
16104,KMH Cardiology Centres Inc.,905-855-1860,Met standards.
2896836,Mark Fava Medicine Professional Corporation,905-561-2200,Met standards.
1057538,One Vascular Imaging - Hamilton,905-662-3174,Met standards.
5315511,Southmount Medical Imaging Inc.,905-387-4551,Met standards.
2701551,Wentworth-Halton X-Ray and Ultrasound Inc.,905-549-0433,Met standards.
5300569,Wentworth-Halton X-Ray and Ultrasound Inc.,905-662-4953,Met standards.
1039876,Wentworth-Halton X-Ray and Ultrasound Inc.,905-549-0433,Met standards.
1112352,Stouffville Diagnostic Ultrasound Services,905-640-2243,Met standards.
5185553,Stouffville X-Ray and Ultrasound,905-640-2243,Met standards.
2443052,David C. Schulz Medicine Professional Corporation,226-633-5888,Met standards.
5426707,Greater Niagara Medical Imaging,519-273-1721,Met standards.
2238124,Dr. Curtis J. Sorgini,705-523-5555,Met standards.
9866432,Dr. Larry Schonberger,705-560-6740,Met standards.
1355103,Dr. Stephen E. Kosar,705-523-4545,Met standards.
5655977,Kent Eye Institute,705-806-6060,Met standards.
8276421,MyHealth Centre,705-523-1295,Met standards.
8041794,MyHealth Centre,705-673-2565,Met standards.
477482,MyHealth Centre,888-775-5531,Met standards.
5642199,NEO Fertility Services,705-222-3272,Facility has not been assessed during current ownership.
2842285,Sudbury Vascular Laboratory,705-522-4611,Met standards.
8026714,WELL Health Diagnostic Centres,705-523-1295,Met standards.
8023712,WELL Health Diagnostic Centres,888-775-5531,Met standards.
9567992,Clear Medical Imaging,519-256-4914,Met standards.
4751893,Clear Medical Imaging,519-256-4914,Met standards.
5101514,Erie St. Clair Radiology (ESR) Clinics,519-979-2255,Met standards.
5906449,Essex County Respiratory Services,519-739-2727,Met standards.
3011914,Accurate Imaging Diagnostics,905-763-0009,Met standards.
7398810,Canadian Vascular Laboratories,416-221-9001,Met standards.
1477780,Healthwise Diagnostics,905-695-5665,Met standards.
2105556,Humber Valley Cardiovascular Imaging,905-881-1455,Met standards.
2301413,IVF Canada,905-597-7661,Met standards.
8197940,Toronto Sleep Institute,905-709-9696,Met standards.
9473928,True North Imaging,905-889-5926,Met standards.
4429580,WELL Health Diagnostic Centres,905-889-2400,Met standards.
6022923,Wisdom Medical Inc.,905-886-1212,Met standards.
5322447,Niagara Eye Care Centre Inc.,905-684-8521,Met standards.
8076918,Lusitropic Diagnostics Inc.,807-346-9729,Met standards.
4611989,MDAC Sleep Inc.,807-683-4415,Met standards.
1376959,Superior Diagnostic Imaging Centre,807-346-8646,Met standards.
2658790,Thunder Bay Diagnostics Inc.,807-683-4411,Met standards.
8099989,Thunder Bay Diagnostics Inc.,807-683-4411,Met standards.
5038832,Thunder Bay Radiology Inc.,807-683-4411,Met standards.
5890599,Thunder Bay Ultrasound Inc.,807-622-2244,Met standards.
3076125,1335120 Ontario Ltd.,416-457-9441,Facility has not been assessed during current ownership.
609526,WELL Health Diagnostic Centres,647-245-9000,Facility has not been assessed during current ownership.
3763195,(Don Mills) Insight Diagnostic Imaging,416-465-5735,Met standards.
682091,(Don Mills) Insight Diagnostic Imaging,416-465-5735,Met standards.
6506810,123 Edward Street Diagnostic Imaging Ltd.,416-781-2050,Met standards.
5391410,123 Edward Street Diagnostic Imaging Ltd.,416-781-2050,Met standards.
5221255,2387755 Ontario Inc.,416-792-0083,Met standards.
5820599,Albany Diagnostic Radiology,416-461-9471,Met standards.
4682097,Albany Ultrasound,416-461-9471,Met standards.
9641007,Annex Medical Imaging,416-531-1128,Met standards with some recommendations made for improvement.
9847123,Annex Medical Imaging,416-531-1128,Met standards with some recommendations made for improvement.
5326698,Bay Cardiac Diagnostic Inc.,416-591-1333,Met standards with some recommendations made for improvement.
6872794,Bay Street Ultrasound,416-597-1933,Facility has not been assessed during current ownership.
1932458,Bayview Pulmonary Services Inc.,647-969-1379,Met standards.
50100,Best Care Imaging,416-531-1123,Met standards.
7057621,Bloor Christie Diagnostic Services,416-588-5937,Met standards.
847286,Bochner Eye Institute,416-960-2020,Met standards.
1300104,Cabbagetown Women's Clinic,416-323-0642,Met standards.
2911175,Central Toronto Diagnostic Imaging,416-465-5735,Met standards.
176794,Central Toronto Diagnostic Imaging,416-465-5735,Met standards.
9100468,Centre for Sleep and Chronobiology Inc.,416-603-9531,Met standards.
3876784,Charm Ultrasound,416-748-2800,Met standards.
9682732,Choice in Health Clinic,416-975-0315,Met standards.
3150721,City X-Ray Services,416-534-8487,Met standards with some recommendations made for improvement.
3660970,Clarity Eye Midtown Site,416-663-3937,Met standards.
7017229,College Diagnostic Imaging,416-925-3823,Met standards.
5061463,Coxwell Ultrasound,416-465-4679,Met standards.
3476695,Create Fertility Clinic Inc.,416-323-7727,Facility has not been assessed during current ownership.
2658325,Danforth/Main X-Ray Ultrasound & Mammography Clinic,416-691-5071,Met standards.
793127,Don Valley X-Ray and Ultrasound,416-461-9891,Facility has not been assessed during current ownership.
277601,Dr. Jeff Charendoff,416-782-6111,Met standards.
9795093,Dr. John Christakis,416-462-0393,Met standards.
7613794,Dragon City X-Ray & Ultrasound,416-603-1197,Met standards.
177489,East Toronto Vascular Clinic,416-259-7975,Met standards.
5285202,Forest Hill Medical Imaging,416-640-1103,Met standards.
1064419,Hannam Fertility Centre,416-595-1521,Met standards.
4027423,Insight Diagnostic Imaging,416-519-9699,Met standards.
1236624,Inspiration Pulmonary Function,416-944-9602,Met standards.
2320846,KMH Cardiology Centres Inc.,905-855-1860,Met standards.
1138903,Kainam Pulmonary Investigation,416-975-1613,Met standards.
5401822,Kensington Diagnostic Imaging Centre,416-962-3202,Met standards.
8897391,Kensington Vision & Research Centre,416-928-2132,Met standards.
2968147,Margolin Medicine Professional Corporation,647-748-8377,Facility has not been assessed during current ownership.
5701040,Medcan Health Management Inc.,416-350-0590,Met standards.
5443511,Meridia Medical,416-484-8383,Met standards.
1115291,Metro Central Ultrasound,416-777-2186,Met standards.
3809136,Metro Radiology (Bay & Gerrard),416-781-2050,Licensee has indicated that all recommendations have been addressed.
9093617,Metro Radiology (Glencairn),416-781-2050,Met standards.
6446092,Midtown Diagnostic Imaging,416-485-9155,Facility has not been assessed during current ownership.
465477,MyHealth Centre,416-928-3467,Met standards.
1305104,New Dufferin Diagnostic Imaging,416-781-2050,Met standards.
5205302,Ontario Diagnostic Centre (ODC) - Roncesvalles,416-533-7078,Met standards.
8952609,Ontario Diagnostic Centre (ODC) - Yonge,416-975-8951,Facility has not been assessed during current ownership.
2027798,Ophthalmology Associates SHSC,416-480-4763,Met standards.
7700617,Pape Avenue X-Ray Ltd.,416-461-9848,Met standards.
7993519,Pollin Fertility,905-707-1777,Facility has not been assessed during current ownership.
2343567,RR Imaging,416-485-9471,Met standards.
1275988,ReGen Scientific Inc.,416-350-3608,Met standards.
762129,Respiratory Services Limited,416-920-3737,Met standards.
632295,Riverside Cardiology & Diagnostic Imaging,416-766-1162,Met standards.
5049912,Rosedale Medical Imaging,416-968-1360,Facility has not been assessed during current ownership.
4195960,SLEEP CARE Solutions Yonge & Davisville,416-792-9436,Met standards.
4179104,Sleep and Alertness Clinic,416-837-8181,Met standards.
5401322,St. Clair Diagnostic Imaging,416-656-6034,Met standards.
7322335,Stein Surgical Centre Inc.,416-972-1100,Met standards with some recommendations made for improvement.
4412518,The Kensington Eye Institute,416-928-2132,Met standards.
8248436,The Morgentaler Clinic,416-932-0446,Met standards.
3300103,The Toronto Asthma Centre,416-603-5499,Met standards.
8155300,The Toronto Cardiac Clinic,416-883-3783,Facility has not been assessed during current ownership.
2283351,The Toronto Centre for Medical Imaging,416-368-8488,Met standards.
5041449,Thorncliffe Radiology,416-696-9836,Facility has not been assessed during current ownership.
8413510,Thorncliffe Radiology,416-696-9836,Facility has not been assessed during current ownership.
3092988,Toronto Birth Centre,416-366-8080,Met standards.
3200843,Toronto Cardiovascular Ultrasound,416-551-1269,Met standards.
8043924,Toronto Sleep & Pulmonary Centre,416-813-2277,Met standards.
2815050,Toronto Sleep Clinic,416-792-9436,Met standards.
7234709,Toronto Sleep Institute,416-488-6980,Met standards.
9472518,Toronto Ultrasound Imaging,416-921-1333,Met standards.
4093960,Toronto Vascular Centre,416-966-3886,Met standards.
1215393,Toronto Vascular Ultrasound,416-929-9032,Met standards.
1851890,True North Imaging,905-707-1777,Met standards.
7641890,True North Imaging,416-572-9392,Met standards.
5324467,True North Imaging,416-597-1933,Met standards.
589576,True North Imaging - Toronto West Ultrasound,905-707-1777,Met standards.
2195305,WELL Health Diagnostic Centres,416-864-1814,Met standards.
2355930,WELL Health Diagnostic Centres,416-260-9382,Met standards.
5929305,West End Diagnostic Imaging,416-763-4331,Met standards.
5881268,West End Radiological Laboratories Limited,416-763-4331,Met standards.
6597961,West Toronto Eye Care,416-760-8777,Met standards.
5356493,Yonge & Eglinton Diagnostic Imaging,416-485-5793,Met standards.
8626306,Youthdale Child and Adolescent Sleep Centre,416-703-0505,Met standards.
8849984,Tottenham Diagnostic Imaging,905-936-4005,Met standards.
4993143,Kevin Lachapelle Medicine Professional Corporation,613-965-5777,Met standards.
7076413,Trenton Diagnostics Inc.,613-392-4446,Met standards with some recommendations made for improvement.
4923529,Trenton Diagnostics Inc.,613-392-4446,Met standards.
1309439,2727475 Ontario Inc.,,Facility has not been assessed during current ownership.
8833275,Uxbridge Medical Imaging,647-286-8661,Facility has not been assessed during current ownership.
2200847,Vaughan Pulmonary Function,289-217-6211,Met standards.
3407890,X-Ray Associates,289-553-6336,Met standards.
5981346,Georgian Radiology Consultants - Wasaga Beach,705-422-2255,Met standards.
9479040,Wentworth-Halton X-Ray and Ultrasound Inc.,905-689-0877,Met standards.
1063914,Cosmetic Surgery Clinic of Waterloo,519-746-1132,Met standards.
2343444,K W Cardio Pulmonary Services,519-741-5252,Met standards.
5179105,Mednik Sleep Studies & Research Centre Inc.,519-745-2621,Met standards.
5072418,Mobile Ultrasound,519-746-3457,Met standards.
2838225,New KARMA Ultrasound,519-570-3660,Met standards.
7641842,True North Imaging,519-576-8760,Met standards.
4092520,True North Imaging,519-576-8760,Met standards.
499537,True North Imaging,519-576-8760,Met standards.
4023918,True North Imaging,519-746-3457,Met standards.
2640846,Waterloo Nuclear & Radiography,519-206-0707,Met standards.
99490,Greater Niagara Medical Imaging,905-735-2929,Met standards.
210879,Dr. Clifford A. Korzinstone,905-723-8551,Met standards.
5456817,Durham Ultrasound,905-444-9493,Met standards.
8446982,Impexxus Medical Imaging,905-576-9729,Met standards.
1454827,MyHealth Centre - Whitby Mall,905-576-9729,Met standards.
2391568,MyHealth Centre - Whitby Nuclear Medicine,905-430-3277,Met standards.
5324144,North Whitby X-Ray and Ultrasound,905-655-8313,Met standards.
6479141,West Whitby Sleep Clinic,905-721-4052,Met standards.
8566457,Whitby Cardiovascular,905-666-9504,Met standards.
1739204,Whitby Centre For Sleep Disorders,905-668-5590,Met standards.
2138487,Whitby Clinic X-Ray & Ultrasound,905-666-4206,Met standards.
3473798,Whitby Health Center,905-444-9292,Facility has not been assessed during current ownership.
3810104,Whitby Health Centre,905-721-3588,Met standards.
68591,Whitby Medical X-Ray and Ultrasound,905-430-1781,Met standards.
9631550,Whitby X-Ray & Ultrasound Imaging,905-493-3775,Met standards.
4360874,2858737 Ontario Ltd.,519-977-6643,Facility has not been assessed during current ownership.
3214899,Anwist Diagnostics Inc.,519-255-7964,Met standards.
6345894,Clear Medical Imaging,519-256-4914,Met standards.
7981219,Clear Medical Imaging,519-256-4914,Met standards.
9721188,Clear Medical Imaging,519-256-4914,Met standards.
9863593,Clear Medical Imaging,519-526-4914,Met standards.
5701240,Clear Medical Imaging,519-256-4914,Met standards.
780453,Clear Medical Imaging,519-256-4914,Met standards.
9912394,Clear Medical Imaging,519-256-4914,Met standards.
6200526,Clear Medical Imaging,519-256-4914,Met standards.
991166,Clear Medical Imaging,519-256-4914,Met standards.
604290,Clear Medical Imaging,519-256-4914,Facility has not been assessed during current ownership.
3461204,Clear Medical Imaging,519-256-4914,Facility has not been assessed during current ownership.
901510,Clear Medical Imaging,519-256-4914,Facility has not been assessed during current ownership.
1154419,Clear Medical Imaging,519-256-4914,Met standards.
3885239,Clear Medical Imaging,519-256-4914,Met standards.
3852223,Dr. Carman M. Iannicello,519-250-4284,Met standards.
5041844,Edinborough Street Radiology Inc.,519-915-2120,Met standards.
2108575,Erie St. Clair Radiology (ESR) Clinics,519-254-7553,Met standards.
2293188,Erie St. Clair Radiology Clinics,519-258-7248,Met standards.
4413503,Precision Diagnostic Imaging,519-254-4555,Met standards.
3319513,The Windsor Surgical Centre,519-252-2020,Facility has not been assessed during current ownership.
4614799,Windsor Sleep Disorders Clinic,519-258-0585,Met standards with some recommendations made for improvement.
1356617,Windsor Vascular Lab,519-254-2897,Met standards.
3149489,Dixie X-Ray Associates - Vaughan,905-850-7478,Met standards.
55287,Dixie X-Ray Associates Limited - Columbus Centre,905-850-7478,Met standards.
6905969,Metro Radiology (Vaughan),416-781-2050,Met standards.
1421632,One Vascular Woodbridge,905-850-2993,Met standards.
4781632,Ontario Diagnostic Centre ODC - Woodbridge,905-856-7061,Met standards.
9361147,Vaughan Imaging Consultants,905-850-7478,Met standards.
4173982,Vaughan Sleep Clinic,905-856-1300,Met standards.
5168762,Westmore Imaging & Cardiology Clinic,905-265-0002,Met standards.
8277482,Windflower Diagnostic Imaging Inc.,905-265-1865,Met standards.
1072608,Windflower Ultrasound,905-265-1865,Met standards.
5465096,iHealthCentre,416-297-8362,Met standards.
3616430,KMH Cardiology Centres Inc.,905-855-1860,Met standards.
2603076,Woodstock Diagnostic Imaging,519-539-8888,Facility has not been assessed during current ownership.
715399,Waterloo X-Ray,519-206-7777,Met standards.
72798,Cliffside X-Ray & Ultrasound Services,416-781-2050,Met standards.
7784189,Dufferin Medical Imaging Centre,416-410-0400,Met standards.
5058744,Excellence Healthcare Xray & Ultrasound,416-782-6333,Met standards.
4461442,Kingsway Imaging Centre Corporation,416-456-4987,Met standards.
7423510,Metro Radiology (L'Amoreaux),416-781-2050,Met standards.
5846720,Metro Radiology (L'Amoureaux),416-781-2050,Met standards.
2045846,Metro Radiology Ltd.,416-781-2050,Met standards.
1462198,"New Jane X-Ray, Ultrasound",647-345-5855,Met standards.
