assess_id,action_date,license_num,license_name,services
6332,07/14/2016,5926698,1076254 Ontario Limited,"Radiography, General Ultrasound"
10100,08/22/2022,6054808,Dr. Arthur Grabowski,General Ultrasound
10360,04/28/2023,2273702,Levine Myers Medicine Professional Corporation,"Mammography, Radiography, General Ultrasound, Vascular Ultrasound"
10364,11/29/2022,5461818,1627837 Ontario Inc.,Ophthalmic Ultrasound
10532,06/09/2023,2108881,Durham Pulmonary and Sleep Services Inc.,"Pulmonary Function A - Pure Screening, Pulmonary Function B - Lung Volumes & Diffusion"
9317,02/24/2022,6991291,2659428 Ontario Inc.,"Computed Tomography, Magnetic Resonance Imaging"
10408,01/03/2023,6521323,Ellesmere X-Ray Inc.,"Radiography, General Ultrasound, Vascular Ultrasound, Bone Mineral DXA"
10236,04/28/2023,1055313,Jonah Service Corp.,"Bone Mineral DXA, Mammography, Radiography, General Ultrasound, Vascular Ultrasound"
10035,10/18/2023,5443988,Ontario Fertility Centres Inc.,Mobile General Ultrasound
10672,07/17/2023,9401190,2479173 Ontario Ltd.,"Radiography, General Ultrasound, Vascular Ultrasound, Bone Mineral DXA"
9107,06/17/2021,3876219,Alliston Diagnostic Centre Inc.,"Radiography, General Ultrasound, Vascular Ultrasound, Nuclear Medicine - In Vivo - General, Nuclear Medicine - In Vivo - SPECT, Pulmonary Function A - Pure Screening, Pulmonary Function B - Lung Volumes & Diffusion, Pulmonary Function C - Escalated Testing, Bone Mineral DXA"
9667,09/08/2022,2331095,1924911 Ontario Inc.,Radiography
10296,11/25/2022,301510,Imagus Inc.,"Radiography, General Ultrasound, Vascular Ultrasound"
9161,05/03/2021,1813587,MyHealth Partners Inc.,General Ultrasound
8652,12/16/2019,7541489,Sylvan Brook Holdings Ltd.,"Bone Mineral DXA, Radiography, General Ultrasound"
9109,04/26/2021,7458845,X-Ray Associates Inc.,"Bone Mineral DXA, Radiography, General Ultrasound, Vascular Ultrasound, Nuclear Medicine - In Vivo - General, Nuclear Medicine - In Vivo - SPECT"
10216,07/19/2023,7476710,Aylmer Ultrasound Inc.,"General Ultrasound, Vascular Ultrasound"
9838,07/22/2022,5739908,Linde Canada Inc.,Sleep Studies
10005,11/09/2022,8193853,1543730 Ontario Inc.,"General Ultrasound, Vascular Ultrasound"
9566,08/22/2022,9652595,2601398 Ontario Inc.,General Ultrasound
10685,05/05/2023,3630988,Dr. Donald R. Nixon,Ophthalmic Ultrasound
10692,07/18/2023,9478578,Georgian Imaging Services,Radiography
10690,06/12/2023,6739562,Georgian Imaging Incorporated,"Radiography, General Ultrasound, Vascular Ultrasound"
10694,08/29/2023,1309436,Georgian Imaging Services,"Radiography, General Ultrasound, Vascular Ultrasound, Bone Mineral DXA"
10693,07/21/2023,3121417,Georgian Imaging Services,"Radiography, General Ultrasound, Vascular Ultrasound"
10688,06/12/2023,1255307,Georgian Imaging Incorporated,Radiography
9985,09/01/2021,604590,2822113 Ontario Inc.,Ophthalmic Ultrasound
10328,06/01/2022,6099661,1000140706 Ontario Inc.,"Radiography, General Ultrasound, Bone Mineral DXA"
9815,07/19/2023,8077929,Ontario Imaging Center Inc.,"Fluoroscopy, Radiography, Vascular Ultrasound, Bone Mineral DXA, General Ultrasound, Obs/Gyn"
10006,10/01/2021,735119,2601398 Ontario Inc.,"Ophthalmic Ultrasound, Mammography, Bone Mineral DXA, General Ultrasound, Vascular Ultrasound"
10955,02/26/2024,203501,2851409 Ontario Ltd.,"General Ultrasound, Vascular Ultrasound, Radiography, Bone Mineral DXA, Mammography, Nuclear Medicine - In Vivo - SPECT, Nuclear Medicine - In Vivo - General"
10368,01/13/2023,5962650,2456462 Ontario Limited,"Radiography, General Ultrasound"
10305,01/27/2023,3987671,Canadian Teleradiology Services Inc.,"Radiography, General Ultrasound, Vascular Ultrasound"
11205,11/01/2023,5981712,Yufeng Chen Medicine Professional Corporation,Ophthalmic Ultrasound
10514,04/25/2023,10105,Canadian Teleradiology Services Inc.,"Mammography, Radiography, General Ultrasound"
10169,06/29/2022,3363065,Dr. Andrew M. Davies,Ophthalmic Ultrasound
10390,04/14/2023,492134,Quinte Regional Sleep Clinic Inc.,Sleep Studies
9647,09/09/2022,5655971,2744267 Ontario Ltd.,"Bone Mineral DXA, Mammography, Radiography, General Ultrasound, Vascular Ultrasound"
10163,10/12/2022,1192028,Bowmanville Centre For Sleep Disorders Inc.,Sleep Studies
8674,10/27/2020,1330087,Levine Myers Medicine Professional Corporation,"Radiography, General Ultrasound, Vascular Ultrasound, Bone Mineral DXA"
10673,07/21/2023,1816720,2137997 Ontario Inc.,"Bone Mineral DXA, Radiography, General Ultrasound, Vascular Ultrasound, Mammography"
8745,01/02/2020,9364847,2548781 Ontario Limited,"Bone Mineral DXA, Fluoroscopy, Mammography, Radiography, General Ultrasound, Vascular Ultrasound"
11436,12/19/2022,3406812,Dr. Vikram R. Comondore Medicine Professional Corporation,"Pulmonary Function C - Escalated Testing, Pulmonary Function - Other Fee Codes, Pulmonary Function A - Pure Screening, Pulmonary Function B - Lung Volumes & Diffusion"
9091,02/01/2021,8179104,MedSleep Inc.,"Sleep Studies, Pulmonary Function A - Pure Screening, Pulmonary Function B - Lung Volumes & Diffusion"
10218,09/20/2020,8093940,2593049 Ontario Inc.,Vascular Ultrasound
10662,07/24/2023,6218000,Brampton Vascular Associates Ltd.,"Vascular Ultrasound, General Ultrasound"
8019,01/15/2020,5935623,2548781 Ontario Limited,"Bone Mineral DXA, Mammography, Radiography, General Ultrasound"
8358,06/05/2019,3043514,2566773 Ontario Inc.,"Bone Mineral DXA, Mammography, Radiography, General Ultrasound, Vascular Ultrasound"
10755,08/14/2023,5505751,2440708 Ontario Inc.,"Radiography, General Ultrasound"
7550,02/13/2017,4076856,J.B.V. Management Services Ltd.,"Bone Mineral DXA, Fluoroscopy, Mammography, Radiography, General Ultrasound"
10708,04/05/2024,2523136,2571535 Ontario Inc.,General Ultrasound
10409,04/18/2023,3452164,2482126 Ontario Limited,"Radiography, General Ultrasound, Mammography, Bone Mineral DXA"
10927,04/11/2024,1391236,J.B.V. Management Services Ltd.,"Radiography, General Ultrasound"
9865,06/06/2022,6158120,MyHealth Partners Inc.,"Nuclear Medicine - In Vivo - General, Nuclear Medicine - In Vivo - SPECT"
9866,11/17/2022,5006169,MyHealth Partners Inc.,"Vascular Ultrasound, Pulmonary Function A - Pure Screening, Pulmonary Function B - Lung Volumes & Diffusion, Pulmonary Function C - Escalated Testing"
9867,07/27/2022,9491544,MyHealth Partners Inc.,Sleep Studies
10932,01/22/2024,9966412,MyHealth Caledon Inc.,"Nuclear Medicine - In Vivo - General, Nuclear Medicine - In Vivo - SPECT"
10959,05/01/2023,2122342,2548781 Ontario Limited,"Radiography, General Ultrasound, Bone Mineral DXA, Mammography"
9738,10/11/2022,6506715,2539398 Ontario Inc.,Radiography
9737,10/12/2022,6306400,7523203 Canada Inc.,"Bone Mineral DXA, Fluoroscopy, Mammography, Radiography, General Ultrasound"
10536,04/14/2023,5758151,Prism Eye Institute Inc.,Ophthalmic Ultrasound
10377,01/27/2023,2681532,Maytona Ventures Ltd.,"Mammography, Radiography, General Ultrasound, Vascular Ultrasound, Bone Mineral DXA"
9615,10/19/2022,157522,2548781 Ontario Limited,"Radiography, General Ultrasound, Vascular Ultrasound"
8210,06/30/2017,6478174,EMDI Holdings Inc.,Ophthalmic Ultrasound
9786,02/01/2023,1046680,Armin Healthcare Service Inc.,"General Ultrasound, Radiography"
10935,04/12/2024,5056976,Brantford Medical Imaging Inc.,General Ultrasound
9163,01/20/2021,256401,2392789 Ontario Inc.,"Fluoroscopy, Radiography, General Ultrasound, Vascular Ultrasound"
9182,02/16/2021,5523772,2392789 Ontario Inc.,"Radiography, General Ultrasound"
9187,02/16/2021,7300881,2392789 Ontario Inc.,"Bone Mineral DXA, Radiography, General Ultrasound, Vascular Ultrasound"
9188,02/16/2021,896467,2392789 Ontario Inc.,General Ultrasound
10916,04/10/2024,9175675,2392789 Ontario Inc.,Radiography
10181,06/28/2022,6601306,Dr. Ye Sl Lee,Ophthalmic Ultrasound
9445,11/01/2021,5149419,Robin Bruen & Shirin Yazdanian Medicine Professional Corporation,Ophthalmic Ultrasound
10170,06/29/2022,1464613,Thomsen Medicine Professional Corporation,Ophthalmic Ultrasound
9179,05/29/2020,3276351,Dr. Jacob Gelberg Medicine Professional Corporation,"Pulmonary Function A - Pure Screening, Pulmonary Function B - Lung Volumes & Diffusion"
9841,03/07/2022,9842694,Dr. Leonard Harris Medicine Professional Corporation,Plastic Surgery
9586,10/28/2020,309136,Dr. Paul T. Wu,Obs/Gyn Ultrasound
10545,05/01/2023,8754641,KMH Cardiology Centres Inc.,"Nuclear Medicine - In Vivo - General, Nuclear Medicine - In Vivo - SPECT"
10805,11/22/2023,423694,2189299 Ontario Inc.,General Ultrasound
9825,08/23/2022,1421306,One Vascular Corp.,"Obs/Gyn Ultrasound, Vascular Ultrasound"
10159,02/01/2023,5409190,1360397 Ontario Ltd.,Sleep Studies
8119,02/16/2018,1023508,StL Diagnostic Imaging Inc.,"Mobile Radiography, Mobile General Ultrasound, Mobile Vascular Ultrasound"
8137,03/23/2018,8432546,StL Diagnostic Imaging Inc.,"Radiography, General Ultrasound, Vascular Ultrasound"
8633,12/16/2019,8621976,StL Diagnostic Imaging Inc.,"Mobile Radiography, Mobile General Ultrasound, Mobile Vascular Ultrasound"
8636,12/16/2019,8592398,StL Diagnostic Imaging Inc.,"Mobile Radiography, Mobile General Ultrasound, Mobile Vascular Ultrasound"
8637,12/16/2019,6449987,StL Diagnostic Imaging Inc.,"Mobile Radiography, Mobile Vascular Ultrasound, Mobile General Ultrasound"
9318,11/08/2019,4923987,StL Diagnostic Imaging Inc.,"Mobile Radiography, Mobile Vascular Ultrasound, Mobile General Ultrasound"
10759,11/20/2023,4097988,StL Diagnostic Imaging Inc.,Mobile Radiography
10786,11/22/2023,1313367,StL Diagnostic Imaging Inc.,"Mobile Radiography, Mobile General Ultrasound, Mobile Vascular Ultrasound"
11000,01/30/2024,8045380,StL Diagnostic Imaging Inc.,"Mobile Radiography, Mobile General Ultrasound, Mobile Vascular Ultrasound, Mobile Obs/Gyn Ultrasound"
9917,06/21/2023,8414031,Wentworth-Halton X-Ray and Ultrasound Inc.,"Bone Mineral DXA, Mammography, Radiography, General Ultrasound, Vascular Ultrasound"
10145,10/13/2022,2675538,Wentworth-Halton X-Ray and Ultrasound Inc.,"Bone Mineral DXA, Mammography, Radiography, General Ultrasound"
10157,07/05/2022,4152906,Wentworth-Halton X-Ray and Ultrasound Inc.,"Bone Mineral DXA, Mammography, Radiography, General Ultrasound, Vascular Ultrasound"
10535,06/21/2023,1754000,Wentworth-Halton X-Ray and Ultrasound Inc.,"Radiography, General Ultrasound"
10196,02/21/2017,1114314,2458568 Ontario Inc.,"Fluoroscopy, Radiography, General Ultrasound, Vascular Ultrasound, Mammography, Bone Mineral DXA"
10227,02/24/2022,2026913,1000063445 Ontario Inc.,"Radiography, General Ultrasound, Vascular Ultrasound, Mammography, Bone Mineral DXA"
11438,04/09/2024,3324016,1000846610 Ontario Ltd.,"Radiography, General Ultrasound, Vascular Ultrasound, Bone Mineral DXA"
9395,09/16/2019,5601769,2442435 Ontario Inc.,"Mobile Radiography, Mobile Vascular Ultrasound"
8525,01/30/2018,2004864,MyHealth Partners Inc.,Obs/Gyn Ultrasound
9706,11/01/2023,1437712,13769879 Canada Inc.,"Radiography, General Ultrasound, Vascular Ultrasound, Bone Mineral DXA"
10635,02/23/2024,7354767,Praesentia Diagnostic Corp.,"Bone Mineral DXA, Radiography, General Ultrasound"
9515,06/27/2022,8077714,Cambridge Diagnostic Imaging Inc.,"Radiography, General Ultrasound, Vascular Ultrasound"
9765,07/29/2022,5846492,2772721 Ontario Inc.,"Radiography, General Ultrasound, Vascular Ultrasound, Bone Mineral DXA, Mammography"
11056,01/09/2024,2869975,Clearview Diagnostic Imaging Inc.,"Radiography, General Ultrasound, Bone Mineral DXA, Mammography, Vascular Ultrasound"
11295,03/10/2024,2103687,Clearview Diagnostic Imaging Inc.,"Radiography, General Ultrasound"
6972,06/08/2016,3123625,Medi-Share Inc.,Mobile Vascular Ultrasound
8605,04/30/2019,7297831,Sleep Clinic Kitchener Inc.,Sleep Studies
10173,10/19/2022,5512851,1582235 Ontario Limited,"Radiography, General Ultrasound"
9818,02/28/2021,5061413,One Vascular Corp.,"Vascular Ultrasound, General Ultrasound"
9767,01/06/2021,7319242,Can Med Equipment Inc.,Obs/Gyn Ultrasound
11257,09/09/2022,7057816,Merivale Medical Imaging Inc.,"Radiography, Urologic Ultrasound"
8144,05/23/2018,2671943,Imagerie Medicale Embrun-Casselman Inc.,"Radiography, General Ultrasound, Vascular Ultrasound"
10404,11/28/2022,6929910,Dr. Christopher J. Anjema Medicine Professional Corporation,Ophthalmic Ultrasound
8688,12/16/2019,5095356,2324317 Ontario Ltd.,"Radiography, Vascular Ultrasound, General Ultrasound, Mammography"
9839,01/20/2022,4019989,2324317 Ontario Ltd.,"Radiography, General Ultrasound, Vascular Ultrasound"
9457,11/15/2022,6020097,Simeunovic Medicine Professional Corporation,Sleep Studies
9736,10/21/2021,1023856,2729351 Ontario Inc.,Ophthalmic Ultrasound
7914,11/07/2018,3487302,2088423 Ontario Ltd.,Sleep Studies
9695,02/01/2022,4208420,Canadian Teleradiology Services Inc.,"Radiography, General Ultrasound, Vascular Ultrasound"
10691,09/27/2023,5642197,Georgian Imaging Services,"Radiography, General Ultrasound, Vascular Ultrasound"
9081,10/09/2020,5344492,Clarity Eye Institute Inc.,Ophthalmic Ultrasound
8576,11/07/2018,7792106,Uptown Eye Specialists Inc.,Ophthalmic Ultrasound
10527,06/12/2023,9651464,2447648 Ontario Inc.,"Bone Mineral DXA, Radiography, General Ultrasound"
10780,11/30/2023,5536975,Cornwall Radiology Associates Inc.,"Bone Mineral DXA, Radiography, Vascular Ultrasound, General Ultrasound"
10801,11/21/2023,5230117,Cornwall Radiology Associates Inc.,"Radiography, Vascular Ultrasound, General Ultrasound"
9817,06/01/2022,7249105,Dr. Tarek Youssef Medicine Professional Corporation,Ophthalmic Ultrasound
10160,10/19/2022,7600385,795292 Ontario Limited,"Mammography, Radiography, General Ultrasound, Vascular Ultrasound"
8641,04/08/2020,1013514,MyHealth Partners Inc.,"General Ultrasound, Vascular Ultrasound"
10286,12/14/2022,3617984,Camp Dorset Corporation,Dialysis
9945,08/09/2021,6683956,2382139 Ontario Inc.,"Radiography, General Ultrasound, Vascular Ultrasound, Mammography"
8634,08/24/2020,9067225,York X-Ray Management Limited,"Bone Mineral DXA, Radiography, General Ultrasound, Vascular Ultrasound"
10138,06/28/2022,659906,Kevin C. Leonard Medicine Professional Corporation,Ophthalmic Ultrasound
9807,07/05/2022,4999144,2537431 Ontario Inc.,"Radiography, General Ultrasound, Vascular Ultrasound, Bone Mineral DXA, Mammography"
10575,11/10/2022,7341419,2537431 Ontario Inc.,Obs/Gyn Ultrasound
9954,01/25/2022,5556035,Imagerie Medicale Embrun-Casselman Inc.,"Bone Mineral DXA, Radiography, General Ultrasound, Vascular Ultrasound"
10116,12/16/2022,2142310,2848217 Ontario Inc.,"Radiography, General Ultrasound, Vascular Ultrasound, Mammography, Bone Mineral DXA, Nuclear Medicine - In Vivo - SPECT, Nuclear Medicine - In Vivo - General"
10136,01/06/2023,919681,2324317 Ontario Ltd.,"Radiography, General Ultrasound, Vascular Ultrasound"
10362,01/24/2023,5820546,Cardiovascular Care Centre Inc.,"Nuclear Medicine - In Vivo - General, Nuclear Medicine - In Vivo - SPECT"
9617,05/31/2022,258207,Create West Fertility Inc.,General Ultrasound
8572,11/07/2018,336467,Dr. Arnold I. Kravetz,Ophthalmic Ultrasound
10108,06/01/2022,3058099,Dr. Selwyn L. Abel,Ophthalmic Ultrasound
10940,04/04/2024,2160,E & R Ultrasound Inc.,"Radiography, General Ultrasound"
8587,03/20/2020,6599764,2079735 Ontario Inc.,Sleep Studies
10779,02/20/2024,5254199,Workplace Medical Corp.,Radiography
10905,02/13/2024,6595963,High-Tech Medical Imaging Inc.,"Radiography, General Ultrasound"
10615,12/16/2022,5234768,1000134213 Ontario Inc.,"Bone Mineral DXA, Mammography, Radiography, General Ultrasound"
10917,02/27/2024,4014432,2419860 Ontario Inc.,"Bone Mineral DXA, Fluoroscopy, Radiography, General Ultrasound"
10760,10/04/2023,8033567,Iizuka Medicine Professional Corporation,Ophthalmic Ultrasound
10706,11/01/2023,7259100,2456462 Ontario Limited,"Bone Mineral DXA, Fluoroscopy, Radiography, General Ultrasound"
11317,03/19/2024,9062513,MetroWest Pulmonary Diagnostic Inc.,Pulmonary Function A - Pure Screening
10325,06/01/2022,1341170,Taj Imaging Inc.,Radiography
4477,04/05/2012,1066440,2456462 Ontario Limited,Radiography
9974,11/02/2022,9998501,One Vascular Etobicoke Corp.,"Vascular Ultrasound, General Ultrasound"
10923,03/04/2024,6342467,2540794 Ontario Inc.,"Mammography, General Ultrasound, Nuclear Medicine - In Vivo - General, Nuclear Medicine - In Vivo - SPECT"
10924,03/05/2024,7479246,2540794 Ontario Inc.,"Bone Mineral DXA, Radiography, Pulmonary Function B - Lung Volumes & Diffusion"
9949,01/25/2022,1018336,Medscan Medical Imaging Inc.,"Radiography, General Ultrasound"
8557,04/23/2020,1097398,Medscan Medical Imaging Inc.,"Bone Mineral DXA, Fluoroscopy, Radiography, General Ultrasound, Vascular Ultrasound, Mammography"
9857,07/11/2022,6105659,2558874 Ontario Inc.,"Bone Mineral DXA, Radiography, General Ultrasound"
10775,09/21/2023,4979129,MedSleep Inc.,Sleep Studies
9806,04/06/2022,2988099,10375659 Canada Inc.,Bone Mineral DXA
8470,08/19/2020,2200647,10375659 Canada Inc.,"Fluoroscopy, Mammography, Radiography, General Ultrasound"
10765,01/09/2024,2549971,2469919 Ontario Inc.,"Radiography, General Ultrasound"
10151,12/07/2022,1315320,Mr. Udaya Shankar Padmakaran,Sleep Studies
7385,02/12/2020,4023504,Toronto Queensway Ultrasound & X-Ray Diagnostics Ltd.,"Radiography, General Ultrasound"
10522,04/25/2023,5120350,Trinity Medical Imaging Inc.,"Radiography, General Ultrasound"
10807,11/06/2023,2131921,1582235 Ontario Limited,"Radiography, General Ultrasound"
10143,08/19/2022,3511991,Vitacorp Diagnostic Inc.,"Radiography, General Ultrasound, Vascular Ultrasound"
10225,02/28/2022,5196153,1000023282 Ontario Inc.,"Radiography, General Ultrasound, Vascular Ultrasound"
8651,12/16/2019,3544741,EFES Management Limited,"Radiography, General Ultrasound, Vascular Ultrasound, Mammography, Bone Mineral DXA"
8209,07/26/2017,8294097,Dr. Peter W. Harding,Ophthalmic Ultrasound
10508,06/12/2023,3979430,Gore Bay HSO,Radiography
9668,06/06/2022,283159,Dr. Keon M. Nia Medicine Professional Corporation,Ophthalmic Ultrasound
7858,02/27/2024,9011776,Greater Niagara Medical Imaging Inc.,"Radiography, General Ultrasound"
9087,10/15/2020,6228834,Dr. Sylvia L. Rodriguez Medicine Professional Corporation,Ophthalmic Ultrasound
8508,10/29/2018,5527691,2345171 Ontario Inc.,Radiography
9480,06/01/2021,2311145,2345171 Ontario Inc.,"General Ultrasound, Nuclear Medicine - In Vivo - General, Nuclear Medicine - In Vivo - SPECT"
10101,07/29/2022,899634,2345171 Ontario Inc.,"Radiography, General Ultrasound, Vascular Ultrasound"
10102,07/29/2022,2150369,2345171 Ontario Inc.,"Bone Mineral DXA, Fluoroscopy, Mammography, Radiography, General Ultrasound, Vascular Ultrasound"
10915,02/27/2024,2617999,Kelly Wilton Medicine Professional Corporation,"Pulmonary Function A - Pure Screening, Pulmonary Function B - Lung Volumes & Diffusion"
8664,08/16/2019,5341130,Ivycroft Enterprises Inc.,Obs/Gyn Ultrasound
11001,12/14/2022,7673856,Praesentia Diagnostic Corp.,"Bone Mineral DXA, Fluoroscopy, Radiography, General Ultrasound"
10178,09/16/2022,3461004,Imagus Inc.,"Fluoroscopy, Radiography, General Ultrasound, Vascular Ultrasound"
9735,05/18/2021,6024148,Dr. Nicholas A. Leyland,Obs/Gyn Ultrasound
9915,07/04/2022,171218,Greater Niagara Medical Imaging Inc.,Radiography
10500,05/21/2023,1239760,Greater Niagara Medical Imaging Inc.,"Radiography, General Ultrasound, Vascular Ultrasound"
10669,08/29/2023,1280501,Greater Niagara Medical Imaging Inc.,"Radiography, General Ultrasound, Bone Mineral DXA, Fluoroscopy"
11275,03/01/2024,6442467,Greater Niagara Medical Imaging Inc.,General Ultrasound
10886,11/23/2023,1664966,2215429 Ontario Ltd.,"General Ultrasound, Radiography"
11306,03/01/2025,3005225,Dr. Brian J Chan Medicine Professional Corporation,Ophthalmic Ultrasound
11516,09/01/2024,5661478,1000812819 Ontario Inc.,"Vascular Ultrasound, General Ultrasound"
8917,06/06/2022,2049359,Rolando R. Cepeda Medicine Professional Corporation,Obs/Gyn Ultrasound
10774,04/03/2024,2130346,Limeworth X-Ray and Ultrasound Inc.,"Bone Mineral DXA, Fluoroscopy, Mammography, Radiography, General Ultrasound"
11006,01/09/2024,5515053,Sharda Medicine Professional Corporation,Ophthalmic Ultrasound
8717,03/12/2019,5908468,Gottschalk Health Services Inc.,Sleep Studies
11246,12/01/2023,1783840,Hamilton Diagnostic Imaging Inc.,"Mammography, Radiography, General Ultrasound"
9057,10/21/2020,5056225,Wentworth-Halton X-Ray and Ultrasound Inc.,"Fluoroscopy, Radiography, General Ultrasound, Vascular Ultrasound"
9111,09/21/2020,3906255,Wentworth-Halton X-Ray and Ultrasound Inc.,"Radiography, General Ultrasound"
9113,10/29/2020,6651316,Wentworth-Halton X-Ray and Ultrasound Inc.,General Ultrasound
9224,10/29/2020,8159666,Wentworth-Halton X-Ray and Ultrasound Inc.,Radiography
10509,06/16/2023,6054800,Wentworth-Halton X-Ray and Ultrasound Inc.,"Radiography, General Ultrasound"
10184,08/08/2022,7802188,Wilson Medical Centre Inc.,"Bone Mineral DXA, Radiography, General Ultrasound"
10515,07/17/2023,1019605,7155816 Canada Ltd.,"Radiography, General Ultrasound, Vascular Ultrasound"
6471,03/31/2014,1154514,Canadian Medical Licences Inc.,"Bone Mineral DXA, Radiography, General Ultrasound"
9065,06/01/2021,3424685,Huntsville CT (Computed Tomography) Clinic,Computed Tomography
6150,06/10/2022,9454133,MyHealth Partners Inc.,General Ultrasound
11437,03/28/2022,3646159,2820510 Ontario Inc.,"Ophthalmic Ultrasound, General Ultrasound"
10415,07/15/2022,2674525,Canadian Medical Licences Inc.,Ophthalmic Ultrasound
10689,07/21/2023,4499203,Georgian Imaging Incorporated,"Radiography, General Ultrasound, Vascular Ultrasound, Bone Mineral DXA, Nuclear Medicine - In Vivo - SPECT, Nuclear Medicine - In Vivo - General"
11003,05/26/2023,6156400,1000101846 Ontario Inc.,"Mammography, Vascular Ultrasound, Bone Mineral DXA, Nuclear Medicine - In Vivo - General"
6590,06/28/2014,5620970,Canadian Medical Licences Inc.,"Bone Mineral DXA, Radiography, General Ultrasound"
6632,06/28/2014,2349977,Canadian Medical Licences Inc.,"Radiography, General Ultrasound"
6634,04/17/2018,2651790,Canadian Medical Licences Inc.,"Bone Mineral DXA, Radiography, General Ultrasound"
9675,05/11/2021,5306447,Canadian Diagnostic Network West Inc.,"Bone Mineral DXA, Mammography, Radiography, General Ultrasound, Vascular Ultrasound"
10657,10/31/2023,2645846,Canadian Medical Licences Inc.,"Bone Mineral DXA, Radiography, General Ultrasound"
10757,12/11/2023,3054654,Canadian Diagnostic Network South Inc.,"Radiography, General Ultrasound"
10758,10/31/2023,984310,Canadian Medical Licences Inc.,Radiography
6491,07/13/2016,6621344,Canadian Diagnostic Network Inc.,"Bone Mineral DXA, Radiography, General Ultrasound"
10085,07/06/2022,9312394,Canadian Medical Licences Inc.,"Radiography, General Ultrasound"
10511,05/08/2023,1208542,Merivale Medical Imaging Inc.,Radiography
9308,06/07/2022,3858202,Merivale Medical Imaging Inc.,"Mammography, General Ultrasound, Vascular Ultrasound"
9795,06/28/2021,7116100,Keswick Imaging Inc.,"Bone Mineral DXA, Mammography, Radiography, General Ultrasound, Vascular Ultrasound, Nuclear Medicine - In Vivo - General, Nuclear Medicine - In Vitro"
9775,03/28/2023,9422897,2747129 Ontario Inc.,"Fluoroscopy, Radiography, General Ultrasound, Vascular Ultrasound"
11046,09/01/2023,1023713,King Clinic Inc.,General Ultrasound
9080,10/16/2020,4028209,Dr. Delan Jinapriya,Ophthalmic Ultrasound
9309,09/08/2022,97684,9471006 Canada Inc.,"Mobile General Ultrasound, Mobile Vascular Ultrasound"
10079,12/12/2021,5516558,9471006 Canada Inc.,Radiography
10109,09/07/2022,3428306,9471006 Canada Inc.,"Bone Mineral DXA, Fluoroscopy, Mammography, Radiography, General Ultrasound, Vascular Ultrasound"
8896,04/29/2021,8844468,Kingston Medical Imaging Inc.,Magnetic Resonance Imaging
10687,08/18/2023,5476409,Kingston Medical Imaging Inc.,"Radiography, General Ultrasound, Vascular Ultrasound"
10695,07/20/2023,1043918,Kingston Medical Imaging Inc.,Radiography
10696,07/19/2023,6084600,Kingston Medical Imaging Inc.,"General Ultrasound, Vascular Ultrasound"
10294,01/06/2023,5476417,Two Thumbs Corp.,"Pulmonary Function A - Pure Screening, Pulmonary Function B - Lung Volumes & Diffusion"
10386,04/14/2023,8477146,MedSleep Inc.,Sleep Studies
10770,11/23/2023,1165189,Non-Invasive Cerebrovascular Laboratory Inc.,Vascular Ultrasound
8722,03/20/2020,6123069,Specialty Medical Partners (Kingston) Inc.,"Vascular Ultrasound, Nuclear Medicine - In Vivo - General, Nuclear Medicine - In Vivo - SPECT"
10238,04/01/2022,8380567,2324317 Ontario Ltd.,"Bone Mineral DXA, Mammography, Radiography, General Ultrasound, Vascular Ultrasound"
11167,10/01/2023,4275127,Dr. Sukarno Chaudhry,"Pulmonary Function A - Pure Screening, Pulmonary Function B - Lung Volumes & Diffusion, Pulmonary Function C - Escalated Testing"
9886,05/01/2021,9728856,2817057 Ontario Inc.,Ophthalmic Ultrasound
9465,11/05/2021,1128788,Chryssa McAlister Medicine Professional Corporation,Ophthalmic Ultrasound
9040,04/23/2020,86164,KMH Cardiology Centres Inc.,"Nuclear Medicine - In Vivo - General, Nuclear Medicine - In Vivo - SPECT"
8875,05/14/2021,6021198,KMH MRI Inc.,Magnetic Resonance Imaging
8671,12/16/2019,8315668,2050912 Ontario Inc.,"Vascular Ultrasound, General Ultrasound"
9479,06/15/2022,9156707,Nimesh Desai Medicine Professional Corporation,Ophthalmic Ultrasound
10655,01/22/2024,2013561,2489380 Ontario Inc.,Mobile General Ultrasound
8606,04/30/2019,9128031,Sleep Clinic Kitchener Inc.,Sleep Studies
10816,03/01/2023,4428801,S. Peng Medicine Professional Corporation,Ophthalmic Ultrasound
11342,03/12/2024,1019914,9035958 Canada Inc.,Eye Surgery
9430,11/02/2019,2642434,Clearview Diagnostic Imaging Inc.,"Fluoroscopy, Mammography, Radiography, General Ultrasound, Vascular Ultrasound"
9431,07/21/2023,2946427,Clearview Diagnostic Imaging Inc.,"Radiography, General Ultrasound, Vascular Ultrasound"
10141,10/18/2022,3423195,Clearview Diagnostic Imaging Inc.,"Radiography, Mammography"
10165,10/14/2022,3842356,Clearview Diagnostic Imaging Inc.,"Radiography, General Ultrasound, Bone Mineral DXA"
10166,10/18/2022,9645264,Clearview Diagnostic Imaging Inc.,"Bone Mineral DXA, Mammography, Radiography, General Ultrasound"
10243,10/04/2023,2681045,2324317 Ontario Ltd.,"Fluoroscopy, Mammography, Radiography, General Ultrasound, Vascular Ultrasound, Nuclear Medicine - In Vivo - General, Nuclear Medicine - In Vivo - SPECT"
9336,03/04/2024,1095686,2662939 Ontario Inc.,"Pulmonary Function A - Pure Screening, Pulmonary Function B - Lung Volumes & Diffusion"
10496,05/31/2023,7643018,Leamington Sleep Laboratory (Essex) Ltd.,Sleep Studies
10895,04/01/2023,5201893,Merivale Medical Imaging Inc.,"Radiography, General Ultrasound, Vascular Ultrasound"
10930,03/04/2024,3425711,Alysia Zhou Medicine Professional Corporation,Ophthalmic Ultrasound
9068,10/08/2020,4591009,Dr. David Lane,Ophthalmic Ultrasound
9214,04/08/2020,4052919,Kawartha Imaging Lindsay Ultrasound and X-Ray Inc.,"General Ultrasound, Vascular Ultrasound"
9215,04/08/2020,1791799,Kawartha Imaging Lindsay Ultrasound and X-Ray Inc.,Radiography
9096,05/19/2021,5862577,MyHealth Partners Inc.,"Bone Mineral DXA, Nuclear Medicine - In Vivo - General, Nuclear Medicine - In Vivo - SPECT"
7526,11/04/2016,5711840,London X-Ray Associates Inc.,"Radiography, General Ultrasound"
10185,10/11/2022,8423583,London X-Ray Associates Inc.,"Bone Mineral DXA, Mammography, Radiography, General Ultrasound, Vascular Ultrasound"
10679,09/13/2023,101893,London X-Ray Associates,"Fluoroscopy, Mammography, Radiography, General Ultrasound, Vascular Ultrasound"
10699,09/13/2023,3054106,London X-Ray Associates Inc.,Radiography
10683,09/13/2023,1401372,London X-Ray Associates Inc.,"Radiography, General Ultrasound, Vascular Ultrasound"
10684,08/11/2023,4201319,London X-Ray Associates Inc.,"General Ultrasound, Vascular Ultrasound"
9805,03/04/2024,7477927,Dr. Emir Ali,"Mobile Pulmonary Function - Pure Screening, Mobile Pulmonary Function Lung Volumes & Diffusion, Mobile Pulmonary Function - Other Fee Codes"
8806,03/20/2020,673329,MyHealth Partners Inc.,"Bone Mineral DXA, Fluoroscopy, Mammography, Radiography, General Ultrasound, Vascular Ultrasound"
9102,12/23/2020,3011387,MyHealth Partners Inc.,"General Ultrasound, Vascular Ultrasound, Nuclear Medicine - In Vivo - SPECT, Nuclear Medicine - In Vivo - General, Mammography, Fluoroscopy, Radiography"
10106,06/07/2022,5922447,MyHealth Partners Inc.,"General Ultrasound, Vascular Ultrasound"
10107,06/07/2022,6341894,MyHealth Partners Inc.,"Radiography, General Ultrasound"
10897,11/22/2023,2299605,Omega Fertility Centre Inc.,"General Ultrasound, Obs/Gyn Ultrasound"
9819,10/28/2022,2601890,One Vascular Corp.,"Vascular Ultrasound, General Ultrasound"
10637,07/07/2021,6988415,2598407 Ontario Inc.,Sleep Studies
9685,07/20/2021,4123551,Westminster Mobile Medical Imaging Inc.,"Mobile Radiography, Mobile General Ultrasound, Mobile Vascular Ultrasound"
7975,05/17/2021,93490,8021619 Canada Inc.,"Mammography, Radiography, General Ultrasound, Bone Mineral DXA, Vascular Ultrasound, Nuclear Medicine - In Vivo - SPECT, Nuclear Medicine - In Vivo - General"
10326,05/23/2022,3046918,MyHealth Partners Inc.,Mobile General Ultrasound
10092,01/10/2023,6479726,Humber Valley Ultrasound Inc.,"General Ultrasound, Radiography"
10777,02/07/2024,1876720,Med-Scan Ultrasound Services Ltd.,"Bone Mineral DXA, Mammography, Radiography, General Ultrasound, Vascular Ultrasound, Nuclear Medicine - In Vivo - General, Nuclear Medicine - In Vivo - SPECT"
7533,02/14/2017,5949017,2456462 Ontario Limited,"Bone Mineral DXA, Fluoroscopy, Mammography, Radiography, Vascular Ultrasound"
10187,08/19/2022,6601506,Clearview Diagnostic Imaging Inc.,"Obs/Gyn Ultrasound, General Ultrasound"
11439,06/24/2022,3122506,Humber Valley Ultrasound Inc.,"Nuclear Medicine - In Vivo - SPECT, Nuclear Medicine - In Vivo - General"
10288,04/14/2023,5446730,1908273 Ontario Ltd.,"Bone Mineral DXA, Mammography, Radiography, General Ultrasound, Nuclear Medicine - In Vivo - General, Nuclear Medicine - In Vivo - SPECT"
10678,07/21/2023,2699424,Sylvan Brook Holdings Ltd.,"Radiography, General Ultrasound"
7546,01/02/2020,1754847,2403040 Ontario Inc.,Vascular Ultrasound
6993,10/09/2015,9096124,1030917 Ontario Inc.,"Bone Mineral DXA, Radiography"
7479,07/19/2021,5634290,Dialysis Management Clinics Inc.,Dialysis
10658,05/05/2023,2086353,Dr. Alan L. MacDonald,Ophthalmic Ultrasound
10104,11/25/2022,9966472,KMH Cardiology Centres Inc.,"Nuclear Medicine - In Vivo - General, Nuclear Medicine - In Vivo - SPECT"
8876,05/14/2021,3704912,KMH MRI Inc.,Magnetic Resonance Imaging
9477,07/08/2021,9071108,Ivycroft Enterprises Inc.,Obs/Gyn Ultrasound
9202,11/16/2020,6477901,2360864 Ontario Inc.,"Bone Mineral DXA, Radiography, General Ultrasound, Vascular Ultrasound, Mammography"
10697,10/19/2023,9669730,1049604 Ontario Inc.,"Bone Mineral DXA, Radiography, General Ultrasound, Vascular Ultrasound"
11059,03/20/2024,3862680,Dr. Jeffrey Martow,Ophthalmic Ultrasound
10525,05/05/2023,1276899,9113371 Canada Inc.,"Bone Mineral DXA, Radiography, General Ultrasound, Vascular Ultrasound"
10701,07/21/2023,7855678,1582235 Ontario Limited,"Mammography, General Ultrasound"
10796,10/18/2023,2073604,Clearview Diagnostic Imaging Inc.,General Ultrasound
9101,02/25/2020,8022301,SSJL Holdings Inc.,"Bone Mineral DXA, Mammography, Radiography, General Ultrasound, Vascular Ultrasound"
10311,12/14/2022,7307202,WHC Holdings Inc.,Sleep Studies
10505,06/12/2023,3684649,Sylvan Brook Holdings Ltd.,"Bone Mineral DXA, Mammography, Radiography, General Ultrasound, Vascular Ultrasound"
10406,12/12/2022,2428912,Scanlan and Jones Medicine Professional Corporation,Ophthalmic Ultrasound
10999,02/23/2024,5200302,1076254 Ontario Limited,General Ultrasound
8466,01/06/2023,6525556,2595249 Ontario Inc.,"Fluoroscopy, Radiography"
8467,09/08/2022,4791326,2595249 Ontario Inc.,General Ultrasound
10086,09/01/2022,7174424,MedSleep Inc.,Sleep Studies
8527,04/30/2021,5261893,MyHealth Partners Inc.,"Bone Mineral DXA, Mammography, Radiography, General Ultrasound, Vascular Ultrasound, Nuclear Medicine - In Vivo - General, Nuclear Medicine - In Vivo - SPECT"
10521,08/19/2022,4164804,TTMP Diagnostics Inc.,"Nuclear Medicine - In Vivo - General, Nuclear Medicine - In Vivo - SPECT"
8468,07/05/2022,917765,7523203 Canada Inc.,"Radiography, General Ultrasound"
10414,03/01/2023,1096910,AFG Imaging Inc.,Mobile General Ultrasound
8530,04/21/2020,3512576,Precision Diagnostics Inc.,"Bone Mineral DXA, Fluoroscopy, Mammography, Radiography, General Ultrasound, Vascular Ultrasound"
8615,05/14/2021,7187966,MIS Health Resources Inc.,Obs/Gyn
7122,05/30/2015,9852054,Dixon Diagnostics Ltd.,Radiography
10942,02/26/2024,5306449,Credit Valley Diagnostic Centre Inc.,"Bone Mineral DXA, Mammography, Radiography, General Ultrasound"
10520,05/05/2023,4791536,Dr. Frank Ritacca Medicine Professional Corporation,"Pulmonary Function A - Pure Screening, Pulmonary Function B - Lung Volumes & Diffusion"
10865,11/08/2023,2465946,Dixon Diagnostics Ltd.,"Bone Mineral DXA, Radiography, General Ultrasound"
10312,01/12/2023,8361818,Dixie X-Ray Associates Limited,"Bone Mineral DXA, Mammography, Radiography, General Ultrasound, Vascular Ultrasound"
10668,09/21/2023,9997530,Dixie X-Ray Associates Limited,"Fluoroscopy, Radiography, General Ultrasound, Vascular Ultrasound"
10837,11/23/2023,2685185,Dixie X-Ray Associates Limited,"Radiography, General Ultrasound, Vascular Ultrasound"
10309,01/12/2023,7641693,Dixie X-Ray Associates Limited,"Bone Mineral DXA, Mammography, Radiography"
9315,01/20/2022,92384,2659428 Ontario Inc.,"General Ultrasound, Fluoroscopy"
9316,02/24/2022,5094573,2659428 Ontario Inc.,"Computed Tomography, Magnetic Resonance Imaging"
9665,01/20/2022,8919908,2659428 Ontario Inc.,Radiography
10876,11/27/2023,3023145,GraceMed GP Inc.,Plastic Surgery
9066,07/16/2021,7031510,KMH Cardiology Centres Inc.,Positron Emission Tomography
9159,01/18/2021,3700104,KMH Cardiology Centres Inc.,"Vascular Ultrasound, Nuclear Medicine - In Vivo - General, Nuclear Medicine - In Vivo - SPECT"
10596,11/02/2023,1149497,318816 Ontario Ltd.,"Radiography, General Ultrasound"
10894,04/26/2023,6658219,MKR Holdings Inc.,Radiography
10898,04/05/2023,8443988,MKR Holdings Inc.,"Fluoroscopy, General Ultrasound"
10528,04/20/2023,5002106,2456462 Ontario Limited,"General Ultrasound, Vascular Ultrasound, Radiography, Fluoroscopy"
10793,10/31/2023,9077907,Insight Diagnostic Imaging Corp.,"Bone Mineral DXA, Mammography, Radiography, General Ultrasound"
11110,04/05/2024,1575789,2548781 Ontario Limited,"Radiography, General Ultrasound, Vascular Ultrasound"
11007,01/31/2024,5463510,1543730 Ontario Inc.,"General Ultrasound, Vascular Ultrasound"
7292,06/06/2022,3413583,MyHealth Partners Inc.,Positron Emission Tomography
8528,04/24/2020,8102441,MyHealth Partners Inc.,"Mammography, Radiography, General Ultrasound, Vascular Ultrasound, Nuclear Medicine - In Vivo - General, Nuclear Medicine - In Vivo - SPECT"
10099,10/25/2022,5123616,Newlife Diagnostics Inc.,Mobile General Ultrasound
9906,09/01/2022,3433683,OHC Vascular Inc.,"Vascular Ultrasound, General Ultrasound"
9357,01/04/2022,3898523,TTMP Diagnostics Inc.,"Nuclear Medicine - In Vivo - General, Nuclear Medicine - In Vivo - SPECT"
10517,06/14/2023,2678588,2203552 Ontario Inc.,"Bone Mineral DXA, Fluoroscopy, Mammography, Radiography, General Ultrasound, Vascular Ultrasound"
10921,03/06/2024,5066420,2538427 Ontario Inc.,"Bone Mineral DXA, Mammography, Radiography, General Ultrasound"
8026,05/20/2020,3362255,2539393 Ontario Inc.,"Bone Mineral DXA, Fluoroscopy, Mammography, Radiography, General Ultrasound, Vascular Ultrasound, Nuclear Medicine - In Vivo - General, Nuclear Medicine - In Vivo - SPECT"
10385,02/08/2023,1461001,2539393 Ontario Inc.,"Radiography, General Ultrasound, Fluoroscopy"
8359,04/08/2020,4001894,2539393 Ontario Inc.,"Bone Mineral DXA, Mammography, Radiography, General Ultrasound, Vascular Ultrasound"
10707,07/21/2023,5043916,2203552 Ontario Inc.,General Ultrasound
11256,05/05/2022,1123910,Ontario Mobile Imaging Inc.,"Mobile General Ultrasound, Mobile Vascular Ultrasound, Mobile Radiography"
8017,01/02/2020,6633552,2548781 Ontario Limited,Radiography
9089,09/15/2020,5542672,Mississauga Sleep Medicine Centre Inc.,Sleep Studies
9366,01/07/2022,2055985,2582124 Ontario Inc.,"Radiography, General Ultrasound, Vascular Ultrasound"
9505,08/19/2022,9991410,Queensway X-Ray and Ultrasound Clinic Inc.,"Bone Mineral DXA, Fluoroscopy, Radiography, General Ultrasound, Mammography"
9705,11/01/2021,1124016,Diamond Y. Tam Medicine Professional Corporation,Ophthalmic Ultrasound
10248,12/01/2021,4137196,TTMP Diagnostics Inc.,"Nuclear Medicine - In Vivo - General, Nuclear Medicine - In Vivo - SPECT"
9895,12/06/2022,2046597,The Plastic Surgery Clinic Inc.,Plastic Surgery
10217,03/01/2022,5419181,MedSleep Inc.,Sleep Studies
8725,10/29/2020,6152140,Clearview Diagnostic Imaging Inc.,General Ultrasound
10660,08/29/2023,5907025,Bio-Test Laboratory Inc.,"Radiography, General Ultrasound"
9100,05/11/2021,5479040,Canadian Diagnostic Network South Inc.,"Bone Mineral DXA, Mammography, Radiography, General Ultrasound, Vascular Ultrasound"
10137,02/28/2023,5941130,Can Med Equipment Inc.,"Bone Mineral DXA, Mammography, Radiography, General Ultrasound, Vascular Ultrasound"
10537,07/19/2023,5923144,Canadian Diagnostic Network Inc.,"Radiography, Nuclear Medicine - In Vivo - General, Nuclear Medicine - In Vivo - SPECT"
10135,10/12/2022,4276791,Canadian Diagnostic Network South Inc.,"Mobile Radiography, Mobile General Ultrasound, Mobile Vascular Ultrasound"
10663,10/31/2023,9653578,Canadian Medical Licences Inc.,"Radiography, General Ultrasound"
10155,07/28/2022,4646978,Merivale Medical Imaging Inc.,"Bone Mineral DXA, Radiography"
10156,09/14/2022,9601064,Merivale Medical Imaging Inc.,"Mammography, General Ultrasound, Vascular Ultrasound, Nuclear Medicine - In Vivo - SPECT, Nuclear Medicine - In Vivo - General"
10168,08/19/2022,5426830,MR Imaging Corp,Obs/Gyn Ultrasound
10219,06/02/2022,3197120,Ultrascan Medical Diagnostic Imaging Inc.,"Radiography, General Ultrasound, Vascular Ultrasound, Bone Mineral DXA, Mammography"
10585,10/01/2023,2943444,Ultrascan Medical Diagnostic Imaging Corp.,"Radiography, General Ultrasound"
10405,01/13/2023,1238765,1531732 Ontario Inc.,Radiography
10306,02/07/2023,7400617,1531732 Ontario Inc.,"General Ultrasound, Vascular Ultrasound"
10598,04/14/2023,2952163,Eugene S. Liu Medicine Professional Corporation,Ophthalmic Ultrasound
9296,08/22/2022,4750600,Asif Salyani Medicine Professional Corporation,Ophthalmic Ultrasound
8860,04/21/2021,6041443,MyHealth Partners Inc.,"Mammography, Radiography, General Ultrasound, Vascular Ultrasound, Nuclear Medicine - In Vivo - SPECT, Nuclear Medicine - In Vivo - General, Pulmonary Function A - Pure Screening, Pulmonary Function B - Lung Volumes & Diffusion"
10147,09/01/2022,7398890,X-Ray Associates Inc.,"Radiography, General Ultrasound"
9836,07/22/2022,8177301,Linde Canada Inc.,Sleep Studies
7091,02/11/2020,5999996,Greater Niagara Medical Imaging Inc.,"Radiography, General Ultrasound, Bone Mineral DXA, Fluoroscopy, Nuclear Medicine - In Vivo - SPECT, Nuclear Medicine - In Vivo - General, Vascular Ultrasound, Mammography"
9203,02/02/2021,2587918,Greater Niagara Medical Imaging Inc.,"Radiography, General Ultrasound, Bone Mineral DXA"
10313,01/31/2023,2857823,J.B.V. Management Services Ltd.,Radiography
10388,02/01/2023,1357216,Lung Diagnostics Niagara Inc.,"Pulmonary Function A - Pure Screening, Pulmonary Function B - Lung Volumes & Diffusion, Pulmonary Function C - Escalated Testing"
8584,03/13/2019,4971684,MedSleep Inc.,Sleep Studies
8946,10/09/2020,1649261,Dr. Amber Z. Sheikh Medicine Professional Corporation,Ophthalmic Ultrasound
10303,02/03/2023,5259129,J.B.V. Management Services Ltd.,"Bone Mineral DXA, Radiography, General Ultrasound"
10076,01/05/2022,8827980,N.S. Huq Medicine Professional Corporation,Plastic Surgery
8407,12/06/2019,2761662,2580330 Ontario Inc.,"Vascular Ultrasound, General Ultrasound"
10077,01/05/2022,4026910,6081169 Canada Inc.,Plastic Surgery
9045,10/05/2020,7381723,Dr. Andrew W. Taylor,Ophthalmic Ultrasound
9435,12/03/2019,7072621,N.S. Huq Medicine Professional Corporation,Plastic Surgery
10506,06/12/2023,9152094,Algonquin X-Ray & Ultrasound Services,"Radiography, General Ultrasound"
10015,07/18/2022,479414,Sleep Medicine Health Network Inc.,Sleep Studies
9755,06/28/2022,8620970,Dr. Niranjan Vijayakanthan,Ophthalmic Ultrasound
9970,06/29/2022,6302141,Ellies Medicine Professional Corporation,Ophthalmic Ultrasound
8667,12/06/2019,2092219,1519648 Ontario Inc.,Vascular Ultrasound
10533,05/30/2023,9213446,9421467 Canada Inc.,General Ultrasound
10802,11/22/2023,4600375,2071667 Ontario Inc.,Sleep Studies
11319,04/01/2024,7259110,Specialty Medical Partners (Midtown) Inc.,"Nuclear Medicine - In Vivo - General, Nuclear Medicine - In Vivo - SPECT"
8649,12/16/2019,5755971,WNR Inc.,"Bone Mineral DXA, Mammography, Radiography, General Ultrasound"
9193,03/16/2021,5460296,TBA Diagnostic Imaging Services Inc.,"General Ultrasound, Vascular Ultrasound, Bone Mineral DXA"
9194,03/16/2021,4220266,TBA Diagnostic Imaging Services Inc.,Radiography
10667,08/30/2023,9827632,J.B.V. Management Services Ltd.,"Bone Mineral DXA, Radiography, General Ultrasound"
9965,06/20/2022,372397,1405067 Ontario Inc.,"General Ultrasound, Vascular Ultrasound"
9967,06/21/2022,56104,1405067 Ontario Inc.,Radiography
8735,03/13/2019,6714271,Centre for Sleep and Chronobiology Inc.,Sleep Studies
10391,11/29/2022,5381746,Charlotte I. Wedge Medicine Professional Corporation,Ophthalmic Ultrasound
10457,04/25/2022,4327119,D.J. Weinstock Medicine Professional Corporation,Ophthalmic Ultrasound
10686,10/04/2023,1236356,Dixie X-Ray Associates Limited,"Bone Mineral DXA, Radiography, General Ultrasound, Vascular Ultrasound, Mammography"
10788,03/22/2024,3872770,Dixie X-Ray Associates Limited,"Bone Mineral DXA, Radiography, General Ultrasound"
10164,10/27/2022,3432501,Alpha Diagnostic Imaging Inc.,"Bone Mineral DXA, Radiography, General Ultrasound"
10167,11/25/2022,899840,Limvex Inc.,General Ultrasound
10670,07/21/2023,7441460,2470018 Ontario Inc.,"Bone Mineral DXA, Fluoroscopy, Mammography, Radiography, General Ultrasound"
9086,10/15/2020,6359249,Dr. Joseph J.K. Ma Medicine Professional Corporation,Ophthalmic Ultrasound
8574,11/07/2018,7635696,Dr. Kranemann Medicine Professional Corporation,Ophthalmic Ultrasound
10958,02/27/2024,391536,2134579 Ontario Inc.,"Radiography, General Ultrasound"
10383,01/26/2023,9718852,MCH Management Inc.,"Bone Mineral DXA, Radiography, General Ultrasound"
11247,11/18/2023,1277724,1000597619 Ontario Inc.,General Ultrasound
10896,04/03/2023,5413507,1000073246 Ontario Inc.,General Ultrasound
9196,01/27/2021,1147879,Hitek Medical Imaging Inc.,Mammography
9197,12/31/2020,2649434,Hitek Medical Imaging Inc.,"Bone Mineral DXA, Radiography, General Ultrasound, Vascular Ultrasound"
9207,12/31/2020,8249983,Hitek Medical Imaging Inc.,Mammography
9946,11/05/2021,6450566,Hitek Medical Imaging Inc.,"Bone Mineral DXA, Radiography, General Ultrasound, Vascular Ultrasound"
11350,04/25/2024,4627346,Hitek Medical Imaging Inc.,"Bone Mineral DXA, Radiography, General Ultrasound"
9953,10/27/2021,2201541,Humber Diagnostics Center Inc.,Bone Mineral DXA
9950,11/12/2021,5051744,Humber Diagnostics Center Inc.,"Radiography, General Ultrasound"
9175,05/19/2020,4999844,EFES Management Limited,"Radiography, General Ultrasound"
8765,02/03/2021,5606887,Jane Wilson Imaging Centre Inc.,"Fluoroscopy, Radiography, General Ultrasound"
10523,05/04/2023,6542468,2412209 Ontario Inc.,"General Ultrasound, Radiography"
10103,08/18/2022,3855279,KMH Cardiology Centres Inc.,"Nuclear Medicine - In Vivo - General, Nuclear Medicine - In Vivo - SPECT"
9036,09/14/2020,5116153,1600379 Ontario Inc.,General Ultrasound
6304,02/06/2015,2585972,Sylvan Brook Holdings Ltd.,"Bone Mineral DXA, Radiography, General Ultrasound"
9200,10/16/2020,8422510,GTA East Medical Imaging Corp.,Vascular Ultrasound
9201,10/16/2020,5456687,GTA East Medical Imaging Corp.,"Bone Mineral DXA, Mammography, Radiography, General Ultrasound"
10315,04/22/2024,2611505,GTA East Medical Imaging Corp.,General Ultrasound
9359,06/02/2022,5344747,2693333 Ontario Inc.,General Ultrasound
10803,11/27/2023,3996912,Insight Diagnostic Imaging Corp.,"Mammography, General Ultrasound"
8642,04/30/2021,7698830,2456462 Ontario Limited,"Bone Mineral DXA, Fluoroscopy, Radiography, General Ultrasound"
9625,04/30/2021,9979238,2456462 Ontario Limited,"Radiography, Vascular Ultrasound"
8855,04/29/2021,6346094,MyHealth Partners Inc.,"Mammography, Radiography, General Ultrasound, Bone Mineral DXA"
10205,08/31/2021,6882555,North Toronto Eye Care Inc.,Ophthalmic Ultrasound
9170,08/20/2020,969265,2352767 Ontario Inc.,"Radiography, Nuclear Medicine - In Vivo - General, Nuclear Medicine - In Vivo - SPECT"
9171,08/20/2020,1012598,2352767 Ontario Inc.,General Ultrasound
10045,08/18/2022,7514768,North York Pulmonary Function Center Inc.,"Pulmonary Function A - Pure Screening, Pulmonary Function B - Lung Volumes & Diffusion"
8731,11/23/2018,2984302,North York Sleep & Diagnostic Centre Inc.,Sleep Studies
9221,05/04/2021,3031776,2352898 Ontario Inc.,"Bone Mineral DXA, Mammography, Radiography, General Ultrasound"
10105,07/08/2022,8100003,2352898 Ontario Inc.,"Fluoroscopy, Radiography, General Ultrasound"
10565,05/08/2023,5058023,1000876099 Ontario Inc.,"Radiography, General Ultrasound"
10115,12/10/2021,2021087,One Vascular Corp.,"Vascular Ultrasound, General Ultrasound"
10285,04/28/2022,4042591,1000101846 Ontario Inc.,"Bone Mineral DXA, Mammography, Radiography, General Ultrasound"
10767,10/04/2023,6710205,Humber Valley Ultrasound Inc.,"Radiography, Mammography, Bone Mineral DXA, Vascular Ultrasound"
10937,02/13/2024,5076918,Humber Valley Ultrasound Inc.,"General Ultrasound, Radiography"
8577,11/07/2018,2089444,Rajinder Rathee Medicine Professional Corporation,Ophthalmic Ultrasound
9837,07/06/2022,2479120,Linde Canada Inc.,Sleep Studies
8326,02/03/2021,3153812,Toronto Cardiac Diagnostics Inc.,"Nuclear Medicine - In Vivo - General, Nuclear Medicine - In Vivo - SPECT"
10839,10/10/2023,6661241,Metro Health Network Inc.,"Pulmonary Function A - Pure Screening, Pulmonary Function B - Lung Volumes & Diffusion"
10768,12/11/2023,7815710,Metro Health Network Inc.,Sleep Studies
4457,09/16/2011,4976719,Toronto West Cardiac and Radiology Institute Ltd.,"Fluoroscopy, Radiography, General Ultrasound, Vascular Ultrasound"
9191,02/08/2021,2313077,Toronto West Cardiac and Medical Imaging Centre Ltd.,"Nuclear Medicine - In Vivo - General, Nuclear Medicine - In Vivo - SPECT"
9766,06/22/2022,1423510,Tripod Medical Inc.,Obs/Gyn Ultrasound
7537,11/04/2016,1826494,1582235 Ontario Limited,"General Ultrasound, Vascular Ultrasound"
10171,08/18/2022,7321714,Clearview Diagnostic Imaging Inc.,General Ultrasound
10172,09/08/2022,3041449,Ultimate Diagnostics Inc.,"Bone Mineral DXA, Radiography, General Ultrasound, Vascular Ultrasound"
8676,05/21/2021,1716639,1739411 Ontario Inc.,"Pulmonary Function A - Pure Screening, Pulmonary Function B - Lung Volumes & Diffusion"
9098,01/20/2021,7845546,Universal Sleep Disorder Clinic Inc.,Sleep Studies
10799,11/23/2023,1102447,Insight Diagnostic Imaging Corp.,"Bone Mineral DXA, Radiography, General Ultrasound"
10995,02/08/2024,4689533,2347225 Ontario Inc.,"Radiography, General Ultrasound"
10586,11/01/2023,2546871,Canadian Teleradiology Services Inc.,"Radiography, General Ultrasound"
10771,09/21/2023,4610057,Eye Associates,Ophthalmic Ultrasound
10298,12/12/2022,9891410,York X-Ray Management Limited,"Bone Mineral DXA, Nuclear Medicine - In Vivo - General, Nuclear Medicine - In Vivo - SPECT"
10297,01/24/2023,3824216,York X-Ray Management Limited,"Mammography, Radiography"
10772,01/29/2024,6801400,York X-Ray Management Limited,"Radiography, General Ultrasound, Vascular Ultrasound"
8386,06/22/2018,2076728,York Ultrasound Inc.,"Mobile General Ultrasound, Mobile Vascular Ultrasound, Mobile Radiography"
10299,01/25/2023,2460946,York X-Ray Management Limited,"General Ultrasound, Vascular Ultrasound"
10789,03/01/2024,6200566,York X-Ray Management Limited,"Bone Mineral DXA, Radiography, General Ultrasound, Vascular Ultrasound"
10411,02/01/2023,1509129,2479548 Ontario Inc.,"Radiography, General Ultrasound"
11315,02/21/2024,5401460,1000748207 Ontario Inc.,"Vascular Ultrasound, General Ultrasound"
9297,04/01/2019,2546447,10620416 Canada Ltd.,"Nuclear Medicine - In Vivo - General, Nuclear Medicine - In Vivo - SPECT"
8022,01/13/2020,1982119,2548781 Ontario Limited,"Bone Mineral DXA, Radiography, General Ultrasound, Vascular Ultrasound"
10764,12/07/2023,1544413,Clearview Diagnostic Imaging Inc.,General Ultrasound
11335,04/25/2022,3046724,One Vascular Corp.,"Vascular Ultrasound, General Ultrasound"
10530,06/21/2023,5821598,8831335 Canada Inc.,"Mammography, Radiography, General Ultrasound, Vascular Ultrasound"
10094,06/29/2022,3171114,2598407 Ontario Inc.,Sleep Studies
10597,04/14/2023,5461810,Prism Eye Institute Inc.,Ophthalmic Ultrasound
8023,01/14/2020,4172891,2548781 Ontario Limited,"Bone Mineral DXA, Fluoroscopy, Mammography, Radiography, General Ultrasound, Vascular Ultrasound"
9056,09/21/2020,8130576,Wentworth-Halton X-Ray and Ultrasound Inc.,"Bone Mineral DXA, Radiography, General Ultrasound"
9104,10/21/2020,6587309,Wentworth-Halton X-Ray and Ultrasound Inc.,"Bone Mineral DXA, Mammography, Radiography, General Ultrasound"
9208,09/18/2020,1021308,Wentworth-Halton X-Ray and Ultrasound Inc.,"Bone Mineral DXA, Radiography, General Ultrasound"
9947,06/02/2022,4053917,Wentworth-Halton X-Ray and Ultrasound Inc.,"Mobile General Ultrasound, Mobile Vascular Ultrasound"
8661,01/02/2020,3201545,MyHealth Partners Inc.,"Nuclear Medicine - In Vivo - General, Nuclear Medicine - In Vivo - SPECT"
9589,06/01/2021,3980103,Orangeville Medical Imaging Inc.,"Bone Mineral DXA, Mammography, Radiography, General Ultrasound, Vascular Ultrasound, Pulmonary Function A - Pure Screening, Pulmonary Function B - Lung Volumes & Diffusion, Pulmonary Function C - Escalated Testing"
10664,05/05/2023,938961,Dr. Donald R. Nixon,Ophthalmic Ultrasound
10186,06/29/2022,456976,Hillson Medicine Professional Corporation,Ophthalmic Ultrasound
8650,12/16/2019,56809,Sylvan Brook Holdings Ltd.,"Bone Mineral DXA, Mammography, Radiography, General Ultrasound"
10544,04/19/2023,8134489,Orillia X-Ray & Ultrasound Inc.,"Radiography, General Ultrasound, Vascular Ultrasound"
6621,06/13/2016,5592602,Canadian Medical Licences Inc.,General Ultrasound
9108,05/04/2021,4405477,Canadian Diagnostic Network East Inc.,"Bone Mineral DXA, Radiography, General Ultrasound"
9172,06/01/2021,3279068,Canadian Diagnostic Network East Inc.,"Bone Mineral DXA, Mammography, Radiography, General Ultrasound, Vascular Ultrasound"
10735,02/10/2023,5936493,Specialty Medical Partners (Ottawa) Inc.,"Nuclear Medicine - In Vivo - General, Nuclear Medicine - In Vivo - SPECT"
10546,06/14/2023,3177417,Premier Imaging Inc.,"Bone Mineral DXA, Mammography, Radiography, General Ultrasound, Vascular Ultrasound"
9071,10/15/2020,9571127,Bethany Medical Properties Inc.,Ophthalmic Ultrasound
9083,10/15/2020,1876782,Dr. M. Mikhail Medicine Professional Corporation,Ophthalmic Ultrasound
10998,02/13/2024,4076791,Levine Myers Medicine Professional Corporation,"Radiography, General Ultrasound, Vascular Ultrasound"
8581,11/07/2018,5051268,Dr. Manjula Misra,Ophthalmic Ultrasound
10800,12/08/2023,957098,MyHealth Partners Inc.,"Bone Mineral DXA, Nuclear Medicine - In Vivo - General, Nuclear Medicine - In Vivo - SPECT"
11016,01/29/2024,1548875,EFES Management Limited,"Radiography, General Ultrasound"
9535,04/30/2020,5846903,Oshawa Advanced Imaging Inc.,General Ultrasound
8409,04/24/2020,7288988,2582124 Ontario Inc.,Radiography
10347,02/09/2024,9022036,1000005758 Ontario Inc.,General Ultrasound
8408,04/24/2020,8823157,2582124 Ontario Inc.,"General Ultrasound, Vascular Ultrasound"
8158,07/12/2018,6503755,Impexxus Medical Imaging Inc.,"Radiography, General Ultrasound, Vascular Ultrasound, Bone Mineral DXA, Mammography"
10096,07/26/2022,8477160,Oshawa-Durham Sleep Laboratory Inc.,Sleep Studies
7976,12/15/2016,5611024,Clearview Diagnostic Imaging Inc.,Obs/Gyn Ultrasound
10139,08/18/2022,1464810,Dr. Omar Kify Medicine Professional Corporation,"Pulmonary Function A - Pure Screening, Pulmonary Function B - Lung Volumes & Diffusion, Pulmonary Function - Other Fee Codes, Pulmonary Function C - Escalated Testing"
9151,08/20/2020,4171308,Bio-Test Laboratory Inc.,Radiography
6493,06/30/2015,7724098,Can Med Equipment Inc.,"Bone Mineral DXA, Mammography, Radiography, General Ultrasound"
6542,07/13/2016,5051367,Canadian Diagnostic Network North Inc.,"Bone Mineral DXA, Mammography, Radiography, General Ultrasound"
6581,06/02/2014,972397,Canadian Medical Licences Inc.,"Radiography, General Ultrasound"
6592,06/28/2014,8806931,Canadian Medical Licences Inc.,"Bone Mineral DXA, Radiography, General Ultrasound"
6624,04/17/2018,2901413,Canadian Medical Licences Inc.,"Radiography, General Ultrasound"
6637,06/28/2014,156467,Canadian Medical Licences Inc.,"Radiography, General Ultrasound"
9154,05/12/2021,1966725,Canadian Diagnostic Network Inc.,"Bone Mineral DXA, Mammography, Radiography, General Ultrasound, Vascular Ultrasound"
9166,05/04/2021,6768912,Canadian Diagnostic Network West Inc.,"Radiography, General Ultrasound"
6495,06/17/2015,3406312,Canadian Diagnostic Network East Inc.,"Radiography, General Ultrasound, Vascular Ultrasound"
6485,03/19/2018,1424304,Canadian Medical Licences Inc.,"Bone Mineral DXA, Radiography, General Ultrasound"
10356,01/19/2023,844166,Canadian Medical Licences Inc.,Radiography
9105,08/19/2020,7499244,Carling Pulmonary Function Services Inc.,"Pulmonary Function A - Pure Screening, Pulmonary Function B - Lung Volumes & Diffusion"
10154,09/01/2022,7462261,MR Imaging Corp,Obs/Gyn Ultrasound
11008,01/24/2024,1755537,Dr. Peter Agapitos,Ophthalmic Ultrasound
9085,10/15/2020,1966730,Dr. Peter Konzuk,Ophthalmic Ultrasound
10846,03/24/2023,7431393,Focus Medical Ancillary Inc.,Eye Surgery
10845,03/24/2023,4412910,Herzig Eye Institute Ottawa Inc.,Eye Surgery
10745,02/10/2023,9721107,Specialty Medical Partners (Ottawa) Inc.,"Nuclear Medicine - In Vivo - General, Nuclear Medicine - In Vivo - SPECT"
10547,05/08/2023,156468,Merivale Medical Imaging Inc.,"General Ultrasound, Vascular Ultrasound"
9025,03/26/2020,4139984,Ottawa Birth and Wellness Centre,Midwifery
10146,06/29/2022,2780785,Dr. Frank E. Bastianelli,Ophthalmic Ultrasound
10366,01/12/2023,8958536,Dr. Steven Poleski,Ophthalmic Ultrasound
10206,01/04/2022,7565349,Precision Cornea Centre Inc.,Ophthalmic Ultrasound
11063,04/19/2024,5054894,Sound Diagnosis,Obs/Gyn Ultrasound
10465,10/27/2023,2876790,Yenott Inc.,Abortion
10357,01/26/2023,5005756,The Ottawa Fertility Centre Inc.,Obs/Gyn Ultrasound
8591,04/03/2019,4363375,MedSleep Inc.,Sleep Studies
10674,05/16/2023,3180971,Bhatti Medicine Professional Corporation,Ophthalmic Ultrasound
11156,04/01/2023,5812004,Dr. Adil Bhatti,Ophthalmic Ultrasound
9758,11/01/2021,3090625,Dr. Norman Mainville Medicine Professional Corporation,Ophthalmic Ultrasound
10376,01/26/2023,5081582,"Dr.'s Thomson, Howlett, Hawkes, Rosta, Saab, Baldauf, Greaves & McIver MPC","Radiography, General Ultrasound, Vascular Ultrasound"
11018,07/28/2023,3116962,2392789 Ontario Inc.,"Radiography, General Ultrasound, Vascular Ultrasound, Mammography"
9069,10/09/2020,2149972,A. Shoughary Medicine Professional Corporation,Ophthalmic Ultrasound
10036,10/01/2021,5106332,2601398 Ontario Inc.,Ophthalmic Ultrasound
6647,06/13/2016,6004800,Canadian Medical Licences Inc.,"Bone Mineral DXA, Radiography, General Ultrasound"
6633,06/28/2014,9991980,Canadian Medical Licences Inc.,"Bone Mineral DXA, Mammography, Radiography, General Ultrasound, Vascular Ultrasound"
10293,10/14/2022,1813156,1853805 Ontario Ltd.,Ophthalmic Ultrasound
8683,01/11/2021,1663135,Apex Diagnostic Services Inc.,"Bone Mineral DXA, Radiography, General Ultrasound, Vascular Ultrasound, Nuclear Medicine - In Vivo - SPECT, Nuclear Medicine - In Vivo - General"
7481,05/07/2021,4013891,Dialysis Management Clinics Inc.,Dialysis
9968,09/08/2022,4441238,Kawartha Diagnostic Imaging Ltd.,"Nuclear Medicine - In Vivo - General, Nuclear Medicine - In Vivo - SPECT"
9905,07/26/2022,9669790,Kawartha Respirology Diagnostic Services Inc.,"Pulmonary Function A - Pure Screening, Pulmonary Function B - Lung Volumes & Diffusion"
9173,12/01/2020,5041744,Peterborough Radiology Associates Ltd.,Radiography
10300,01/06/2023,954510,Medical Centre Holdings (Peterborough) Limited,"Mammography, Radiography"
10301,01/06/2023,144166,Medical Centre Holdings (Peterborough) Limited,General Ultrasound
9174,01/13/2021,8033569,Peterborough Vascular Lab Inc.,"Vascular Ultrasound, General Ultrasound"
10226,03/04/2024,6397967,Peterborough OB/GYN Imaging,Obs/Gyn Ultrasound
8668,12/10/2019,5320546,The Peterborough Clinic,"Radiography, General Ultrasound"
10389,04/14/2023,5409604,Trent Regional Sleep Clinic Inc.,Sleep Studies
9137,12/09/2020,7597613,Peterborough Radiology Associates Ltd.,"Radiography, General Ultrasound, Vascular Ultrasound"
10140,08/22/2022,1203541,1853805 Ontario Ltd.,Ophthalmic Ultrasound
7482,08/16/2021,4443981,Dialysis Management Clinics Inc.,Dialysis
8154,06/28/2018,2351968,Ellesmere X-Ray Inc.,"Radiography, General Ultrasound, Vascular Ultrasound, Bone Mineral DXA, Mammography"
8858,05/03/2021,5403904,MyHealth Partners Inc.,"Bone Mineral DXA, Mammography, Radiography, General Ultrasound, Vascular Ultrasound, Nuclear Medicine - In Vivo - SPECT, Nuclear Medicine - In Vivo - General"
10161,10/12/2022,2860601,Pickering Centre For Sleep Disorders Inc.,Sleep Studies
10541,05/04/2023,9367999,1997207 Ontario Incorporated,"Bone Mineral DXA, Fluoroscopy, Mammography, Radiography, General Ultrasound, Vascular Ultrasound, Pulmonary Function A - Pure Screening, Pulmonary Function B - Lung Volumes & Diffusion, Pulmonary Function C - Escalated Testing, Nuclear Medicine - In Vivo - SPECT, Nuclear Medicine - In Vivo - General"
8619,02/04/2021,3033991,Sarnia Diagnostic Imaging Inc.,"Fluoroscopy, Mammography, Radiography, General Ultrasound, Vascular Ultrasound"
10497,04/21/2023,911893,2456462 Ontario Limited,"Bone Mineral DXA, Fluoroscopy, Mammography, Radiography, General Ultrasound, Vascular Ultrasound"
9495,05/14/2021,1366497,Grumble Hill Limited,"Bone Mineral DXA, Mammography, Radiography, General Ultrasound, Vascular Ultrasound, Nuclear Medicine - In Vivo - General, Nuclear Medicine - In Vivo - SPECT"
9145,11/16/2020,8667902,9731873 Canada Corporation,"Radiography, Vascular Ultrasound"
10675,08/14/2023,6419378,Bayview Hill Diagnostic Imaging Inc.,"Radiography, General Ultrasound"
9588,05/19/2021,6346054,11805177 Canada Inc.,"Radiography, Vascular Ultrasound, Bone Mineral DXA, General Ultrasound"
10543,05/16/2023,1539185,EFES Management Limited,"Bone Mineral DXA, Mammography, Radiography, General Ultrasound, Vascular Ultrasound"
10256,03/29/2022,3218304,Dr. Ali Ahadian Medicine Professional Corporation,Ophthalmic Ultrasound
8169,06/25/2018,8087364,Oak Ridges Medical Diagnostic Imaging Inc.,"Bone Mineral DXA, Mammography, Radiography, General Ultrasound, Vascular Ultrasound, Nuclear Medicine - In Vivo - General, Nuclear Medicine - In Vivo - SPECT"
10266,03/22/2022,3570063,2845360 Ontario Inc.,"General Ultrasound, Vascular Ultrasound"
7585,01/23/2017,2620058,2845360 Ontario Inc.,Radiography
10098,08/29/2022,7936930,2099996 Ontario Inc.,"Sleep Studies, Pulmonary Function A - Pure Screening"
10148,08/19/2022,7525902,X-Ray Associates Inc.,Radiography
10087,09/01/2022,5419692,1882601 Ontario Inc.,"Sleep Studies, Pulmonary Function A - Pure Screening, Pulmonary Function B - Lung Volumes & Diffusion, Pulmonary Function - Other Fee Codes"
9568,06/23/2020,2771167,2601398 Ontario Inc.,Radiography
6644,06/28/2014,3306447,Canadian Medical Licences Inc.,"Radiography, General Ultrasound"
10836,12/13/2023,4262698,The Dove Health Corporation,"Radiography, General Ultrasound, Vascular Ultrasound"
10997,12/11/2023,1391442,The Dove Health Corporation,"Radiography, General Ultrasound"
8438,10/09/2018,7761988,The Dove Health Corporation,"Bone Mineral DXA, Mammography, Radiography, General Ultrasound, Vascular Ultrasound"
7009,04/19/2016,8597363,1317563 Ontario Inc.,"Sleep Studies, Pulmonary Function A - Pure Screening, Pulmonary Function B - Lung Volumes & Diffusion"
9537,11/01/2021,6250390,Murari L. Patodia Medicine Professional Corporation,Ophthalmic Ultrasound
10455,07/18/2022,5905974,MyHealth Sarnia Inc.,"Nuclear Medicine - In Vivo - General, Nuclear Medicine - In Vivo - SPECT"
11285,07/19/2022,2391566,MyHealth Sarnia Inc.,"Bone Mineral DXA, Mammography, Radiography, General Ultrasound, Vascular Ultrasound"
9649,11/24/2022,2699434,Dr. Elizabeth Golesic Medicine Professional Corporation,Ophthalmic Ultrasound
9084,02/16/2021,8998526,Dr. Mark Bariciak,Ophthalmic Ultrasound
9219,05/03/2021,614160,MyHealth Partners Inc.,"Bone Mineral DXA, Radiography, General Ultrasound, Vascular Ultrasound"
9220,05/03/2021,8423504,MyHealth Partners Inc.,Radiography
11146,03/28/2024,841536,MyHealth Partners Inc.,"Radiography, General Ultrasound"
8589,01/20/2022,5016914,MedSleep Inc.,Sleep Studies
10875,11/29/2023,7147908,Sault Ste. Marie and District Group Health Association,"Endoscopy Including Laparoscopy, Bone Mineral DXA, Mammography, Radiography, General Ultrasound, Vascular Ultrasound"
10142,08/08/2022,7209495,Dr. Charles K.N. Chan,"Pulmonary Function A - Pure Screening, Pulmonary Function B - Lung Volumes & Diffusion"
8079,07/19/2019,5038767,2282058 Ontario Limited,"Bone Mineral DXA, Radiography, General Ultrasound, Vascular Ultrasound, Mammography"
10531,06/12/2023,6867950,Parkmount X-Ray & Ultrasound Services Ltd.,"Fluoroscopy, Radiography, General Ultrasound"
10925,02/23/2024,6476722,2546390 Ontario Incorporated,"Bone Mineral DXA, General Ultrasound, Radiography"
10671,08/30/2023,3111683,2478187 Ontario Limited,"Radiography, General Ultrasound"
10928,02/27/2024,5182135,2555461 Ontario Inc.,"Bone Mineral DXA, Radiography, General Ultrasound"
10957,01/25/2024,5050068,Corcare Nuclear Medicine Inc.,"Nuclear Medicine - In Vivo - General, Nuclear Medicine - In Vivo - SPECT"
10965,05/18/2023,823597,Ms. Maribeth Sabongui,"Mobile General Ultrasound, Mobile Vascular Ultrasound"
8107,06/22/2018,6812145,Donvale Ultrasound Services Ltd.,General Ultrasound
8174,06/22/2018,3256753,Donvale Ultrasound Services Ltd.,Radiography
9747,06/17/2022,747966,2785068 Ontario Inc.,Radiography
11296,05/11/2020,5175509,Dr. Walter Liao,Ophthalmic Ultrasound
7011,04/22/2016,6026877,BSA Diagnostic Imaging Inc.,"Mammography, Radiography"
9396,01/05/2022,9641407,Bar Nik Inc.,Radiography
9397,01/05/2022,6399969,Bar Nik Inc.,General Ultrasound
10410,03/28/2023,8186413,Mr. Udaya Shankar Padmakaran,Sleep Studies
10144,09/21/2022,7951319,EXR Medical Imaging Inc.,"Bone Mineral DXA, Mammography, Radiography, General Ultrasound, Vascular Ultrasound"
10355,01/11/2023,331166,Dr. Chaim J. Goldberg,Ophthalmic Ultrasound
9148,02/04/2021,36164,Golden Radiology Inc.,"Radiography, General Ultrasound"
10095,10/03/2022,6446292,L.S.G. Holding Ltd.,Obs/Gyn Ultrasound
9039,05/28/2020,406443,KMH Cardiology Centres Inc.,"Nuclear Medicine - In Vivo - General, Nuclear Medicine - In Vivo - SPECT"
7508,06/06/2017,9362513,1388020 Ontario Corp.,"Bone Mineral DXA, Fluoroscopy, Radiography, Nuclear Medicine - In Vivo - General, Nuclear Medicine - In Vivo - SPECT"
8125,06/26/2018,3577982,BSA Diagnostics Limited,General Ultrasound
10887,12/11/2023,3011367,2341164 Ontario Inc.,"Radiography, General Ultrasound"
10235,04/03/2024,1155846,Toronto Vascular Ultrasound Inc.,"Bone Mineral DXA, Radiography, General Ultrasound"
10555,04/19/2023,9592312,Mr. Raja Hamid,"Bone Mineral DXA, Radiography, General Ultrasound"
9189,02/03/2021,4901319,GTA East Medical Imaging Corp.,"Bone Mineral DXA, Mammography, Radiography, General Ultrasound"
9190,10/28/2020,1344410,GTA East Medical Imaging Corp.,Vascular Ultrasound
9181,10/16/2020,9808292,11102362 Canada Inc.,"Radiography, General Ultrasound"
8586,04/03/2019,5868472,2024514 Ontario Inc.,Sleep Studies
9183,08/20/2020,2346477,Scarborough Diagnostic Radiology Inc.,"Radiography, General Ultrasound"
9184,08/20/2020,1476703,Scarborough Diagnostic Radiology Inc.,Bone Mineral DXA
7406,05/08/2017,8125414,1921323 Ontario Inc.,"Bone Mineral DXA, Radiography, General Ultrasound"
4676,03/07/2022,6410566,2456462 Ontario Limited,"Fluoroscopy, Radiography, General Ultrasound, Vascular Ultrasound"
10407,02/01/2023,2251547,EXR Medical Imaging Inc.,"Bone Mineral DXA, Fluoroscopy, Radiography, General Ultrasound"
10367,01/26/2023,6543634,Alpha Diagnostic Imaging Inc.,"Bone Mineral DXA, Radiography, General Ultrasound"
10121,12/20/2021,3033585,1000595104 Ontario Inc.,General Ultrasound
11266,12/15/2023,1880121,1000595104 Ontario Inc.,Radiography
8529,04/08/2020,2211548,MyHealth Partners Inc.,"Bone Mineral DXA, General Ultrasound"
8706,04/28/2021,6678190,MyHealth Partners Inc.,Radiography
9516,05/11/2020,5972525,MyHealth Partners Inc.,Radiography
10811,01/22/2024,8661227,MyHealth Partners Inc.,"Nuclear Medicine - In Vivo - General, Nuclear Medicine - In Vivo - SPECT"
10401,01/25/2023,200177,B & D Diagnostic Imaging Inc.,"Radiography, General Ultrasound"
10512,05/03/2023,4140949,North Toronto Sleep Centre Inc.,Sleep Studies
10380,04/19/2023,3062794,2382876 Ontario Inc.,"Radiography, General Ultrasound"
9618,06/13/2023,6328797,12147416 Canada Inc.,"Mammography, Radiography, General Ultrasound"
10766,02/06/2024,8379411,12147416 Canada Inc.,Vascular Ultrasound
10526,05/10/2023,8002369,Markham Medical Imaging Inc.,"Bone Mineral DXA, Fluoroscopy, Radiography, General Ultrasound"
10595,05/04/2023,5563222,Quantum Medical Imaging Services Inc.,"Bone Mineral DXA, Mammography, Radiography, General Ultrasound, Vascular Ultrasound"
8815,02/04/2021,9611404,10712078 Canada Ltd.,"Fluoroscopy, Radiography, General Ultrasound"
8248,04/21/2021,7215989,Respiratory & PFT Services Inc.,"Pulmonary Function A - Pure Screening, Pulmonary Function B - Lung Volumes & Diffusion"
8045,06/27/2018,8170383,Mr. Udaya Shankar Padmakaran,Sleep Studies
10369,02/02/2023,9593010,Northwest Nuclear Imaging Limited,"Nuclear Medicine - In Vivo - General, Nuclear Medicine - In Vivo - SPECT"
10931,03/04/2024,7026614,2323894 Ontario Inc.,Ophthalmic Ultrasound
11074,03/21/2024,8077920,Dr. Jordan W. Cheskes,Ophthalmic Ultrasound
9966,02/28/2022,2151417,Scarborough North Pulmonary Function Services Inc.,"Pulmonary Function A - Pure Screening, Pulmonary Function B - Lung Volumes & Diffusion"
8647,03/06/2020,1259588,J.B.V. Management Services Ltd.,"Bone Mineral DXA, Radiography, General Ultrasound"
9157,04/21/2021,1923550,Toronto Vascular Ultrasound Inc.,"Bone Mineral DXA, Fluoroscopy, Mammography, Radiography, General Ultrasound, Vascular Ultrasound"
4765,05/16/2012,8005265,1076254 Ontario Limited,Radiography
6310,02/05/2015,3075544,EFES Management Limited,"Radiography, General Ultrasound"
10382,03/22/2023,3018297,1609910 Ontario Inc.,Sleep Studies
9669,02/28/2022,2853922,2771409 Ontario Inc.,"Radiography, General Ultrasound"
8251,06/01/2022,4124581,2549416 Ontario Inc.,General Ultrasound
8252,06/01/2022,5265117,2549416 Ontario Inc.,"Bone Mineral DXA, Radiography"
10373,02/10/2023,1134842,8909750 Canada Inc.,General Ultrasound
10374,02/14/2023,1057016,8909750 Canada Inc.,Radiography
10445,03/21/2023,5225596,Mr. Udaya Shankar Padmakaran,Pulmonary Function B - Lung Volumes & Diffusion
8905,07/22/2020,6057990,Metro Health Network Inc.,"Pulmonary Function A - Pure Screening, Pulmonary Function B - Lung Volumes & Diffusion"
10784,01/22/2024,8513766,Trillium Sleep Laboratory Inc.,Sleep Studies
10797,12/07/2023,8219102,Clearview Diagnostic Imaging Inc.,"General Ultrasound, Bone Mineral DXA, Mammography, Radiography"
10798,12/06/2023,2601696,Clearview Diagnostic Imaging Inc.,"Radiography, General Ultrasound, Vascular Ultrasound"
10425,02/26/2024,2350366,1000138491 Ontario Inc.,"Radiography, General Ultrasound"
10908,11/17/2023,1670323,East Toronto Eye Consultants Inc.,Ophthalmic Ultrasound
9746,09/09/2022,208101,2785068 Ontario Inc.,"General Ultrasound, Bone Mineral DXA"
9757,06/20/2022,2363315,2785068 Ontario Inc.,"Mammography, General Ultrasound"
9116,05/03/2021,9132225,MyHealth Partners Inc.,"Bone Mineral DXA, General Ultrasound"
9223,06/02/2021,3966782,2382219 Ontario Inc.,"Radiography, General Ultrasound"
11135,03/04/2024,4706496,West Hill Medical Imaging Inc.,General Ultrasound
9816,06/01/2022,3851600,S. Sivakumar Medicine Professional Incorporated,Ophthalmic Ultrasound
9216,02/25/2020,5901814,SSJL Holdings Inc.,"Mammography, Radiography, General Ultrasound, Vascular Ultrasound"
8682,08/19/2020,1106997,MyHealth Partners Inc.,"Bone Mineral DXA, Nuclear Medicine - In Vivo - General, Nuclear Medicine - In Vivo - SPECT, General Ultrasound, Vascular Ultrasound, Pulmonary Function A - Pure Screening, Pulmonary Function B - Lung Volumes & Diffusion, Radiography"
8718,05/28/2020,4223075,MyHealth Partners Inc.,Vascular Ultrasound
6473,03/31/2014,8163056,Canadian Medical Licences Inc.,"Bone Mineral DXA, Mammography, Radiography"
9972,01/24/2023,850846,2836918 Ontario Inc.,"Bone Mineral DXA, Mammography, Radiography, General Ultrasound, Vascular Ultrasound"
9168,02/16/2021,3612839,Greater Niagara Medical Imaging Inc.,"Bone Mineral DXA, Radiography"
9169,03/01/2021,2391559,Greater Niagara Medical Imaging Inc.,Radiography
9195,02/02/2021,6941194,Greater Niagara Medical Imaging Inc.,"Bone Mineral DXA, Fluoroscopy, Radiography, General Ultrasound, Vascular Ultrasound, Mammography"
9355,11/05/2021,8315235,Greater Niagara Medical Imaging Inc.,"Radiography, General Ultrasound"
10499,05/03/2023,6797226,Greater Niagara Medical Imaging Inc.,Radiography
5553,05/11/2021,8195934,KMH Cardiology Centres Inc.,"Nuclear Medicine - In Vivo - SPECT, Nuclear Medicine - In Vivo - General"
10118,12/22/2021,6056366,One Vascular Corp.,"Ophthalmic Ultrasound, General Ultrasound, Vascular Ultrasound, Radiography"
8716,04/03/2019,4137151,Gottschalk Health Services Inc.,Sleep Studies
11036,07/29/2023,5280982,1000477569 Ontario Inc.,"Radiography, General Ultrasound, Bone Mineral DXA, Nuclear Medicine - In Vivo - SPECT, Nuclear Medicine - In Vivo - General"
10215,03/04/2024,8885646,Southwest Ultrasound Ltd.,General Ultrasound
7222,07/21/2020,460477,Stittsville Imaging Centre Inc.,"Radiography, General Ultrasound, Vascular Ultrasound"
10938,03/07/2024,16104,KMH Cardiology Centres Inc.,"Nuclear Medicine - In Vivo - General, Nuclear Medicine - In Vivo - SPECT"
9079,10/09/2020,2896836,Mark Fava Medicine Professional Corporation,Ophthalmic Ultrasound
9785,01/05/2022,1057538,One Vascular Corp.,"General Ultrasound, Vascular Ultrasound"
10783,01/25/2024,5315511,Southmount Medical Imaging Inc.,"Bone Mineral DXA, Mammography, Radiography, General Ultrasound"
9112,10/29/2020,2701551,Wentworth-Halton X-Ray and Ultrasound Inc.,Radiography
9128,10/21/2020,5300569,Wentworth-Halton X-Ray and Ultrasound Inc.,"Bone Mineral DXA, Mammography, Radiography, General Ultrasound, Vascular Ultrasound"
10676,07/19/2023,1039876,Wentworth-Halton X-Ray and Ultrasound Inc.,"Mammography, Radiography, General Ultrasound, Bone Mineral DXA, Vascular Ultrasound"
10681,11/17/2023,1112352,1049604 Ontario Inc.,General Ultrasound
10680,10/26/2023,5185553,1049604 Ontario Inc.,"Radiography, General Ultrasound, Vascular Ultrasound"
10725,04/05/2024,2443052,David C. Schulz Medicine Professional Corporation,Ophthalmic Ultrasound
11070,03/19/2024,5426707,Greater Niagara Medical Imaging Inc.,"Mammography, Bone Mineral DXA, General Ultrasound, Vascular Ultrasound, Radiography"
10529,02/08/2023,2238124,Dr. Curtis J. Sorgini,Ophthalmic Ultrasound
10397,12/06/2022,9866432,Dr. Larry Schonberger,Ophthalmic Ultrasound
11116,02/27/2024,1355103,Dr. Stephen Eugene Kosar,Ophthalmic Ultrasound
9265,10/27/2021,5655977,Dr. Jerrod S. Kent Medicine Professional Corporation,Ophthalmic Ultrasound
9155,04/14/2021,8276421,2376440 Ontario Inc.,Radiography
9217,04/29/2021,8041794,2376440 Ontario Inc.,"Bone Mineral DXA, Fluoroscopy, Mammography, Radiography, General Ultrasound, Vascular Ultrasound, Nuclear Medicine - In Vivo - General, Nuclear Medicine - In Vivo - SPECT"
11255,04/08/2024,477482,2376440 Ontario Inc.,"Bone Mineral DXA, Radiography"
9335,06/24/2019,5642199,2601398 Ontario Inc.,General Ultrasound
8653,02/12/2020,2842285,Sudbury Vascular Laboratory Ltd.,"General Ultrasound, Vascular Ultrasound"
9153,04/21/2021,8026714,2376440 Ontario Inc.,"Radiography, General Ultrasound"
11105,03/15/2024,8023712,2376440 Ontario Inc.,"Radiography, General Ultrasound"
10287,11/25/2022,9567992,2324317 Ontario Ltd.,"Bone Mineral DXA, Mammography, General Ultrasound, Vascular Ultrasound, Nuclear Medicine - In Vivo - General, Nuclear Medicine - In Vivo - SPECT, Fluoroscopy"
10289,11/08/2022,4751893,2324317 Ontario Ltd.,"Radiography, General Ultrasound, Vascular Ultrasound"
10372,01/12/2023,5101514,Lebro Management Limited,"Radiography, General Ultrasound"
9135,09/28/2021,5906449,2662939 Ontario Inc.,"Pulmonary Function B - Lung Volumes & Diffusion, Pulmonary Function A - Pure Screening"
10524,07/11/2023,3011914,Wisdom Medical Inc.,"Bone Mineral DXA, Radiography, General Ultrasound"
8665,04/22/2021,7398810,1440762 Ontario Inc.,Vascular Ultrasound
8728,02/05/2021,1477780,1317874 Ontario Ltd.,"Bone Mineral DXA, General Ultrasound, Vascular Ultrasound, Nuclear Medicine - In Vivo - General, Nuclear Medicine - In Vivo - SPECT, Radiography"
10335,01/31/2024,2105556,2568514 Ontario Inc.,"Bone Mineral DXA, Nuclear Medicine - In Vivo - General, Nuclear Medicine - In Vivo - SPECT, Vascular Ultrasound, General Ultrasound"
8461,10/01/2021,2301413,L.S.G. Holding Ltd.,Obs/Gyn Ultrasound
10909,01/30/2024,8197940,MedSleep Inc.,Sleep Studies
10835,10/20/2023,9473928,Clearview Diagnostic Imaging Inc.,"Bone Mineral DXA, Mammography, Radiography, General Ultrasound"
10090,06/14/2022,4429580,MyHealth Partners Inc.,"Bone Mineral DXA, Radiography, General Ultrasound"
9245,02/18/2020,6022923,Wisdom Medical Inc.,"Mobile General Ultrasound, Mobile Vascular Ultrasound"
9099,10/16/2020,5322447,Niagara Eye Care Centre Inc.,Ophthalmic Ultrasound
9666,12/31/2021,8076918,Lusitropic Diagnostics Inc.,"Bone Mineral DXA, Mammography, Radiography, General Ultrasound, Ophthalmic Ultrasound, Vascular Ultrasound"
9956,02/28/2022,4611989,MDAC Sleep Inc.,"Sleep Studies, Pulmonary Function B - Lung Volumes & Diffusion"
8607,05/14/2021,1376959,Superior Diagnostic Imaging Centre,Computed Tomography
10304,02/02/2023,2658790,Thunder Bay Diagnostics Inc.,"Mammography, General Ultrasound, Vascular Ultrasound"
10307,02/01/2023,8099989,Thunder Bay Diagnostics Inc.,"Radiography, General Ultrasound"
7684,03/01/2017,5038832,Thunder Bay Radiology Inc.,Radiography
10378,01/25/2023,5890599,Thunder Bay Ultrasound Inc.,General Ultrasound
11168,09/01/2023,3076125,1335120 Ontario Ltd.,"Radiography, General Ultrasound"
9365,09/01/2019,609526,MyHealth Partners Inc.,Obs/Gyn Ultrasound
10358,02/03/2023,3763195,Insight Diagnostic Imaging Corp.,Obs/Gyn Ultrasound
10513,05/30/2023,682091,Insight Diagnostic Imaging Corp.,Radiography
4103,06/03/2010,6506810,2642170 Ontario Limited,"Nuclear Medicine - In Vivo - General, Nuclear Medicine - In Vivo - SPECT"
9298,06/01/2021,5391410,2642170 Ontario Limited,"Bone Mineral DXA, Fluoroscopy, Mammography, Radiography, General Ultrasound, Vascular Ultrasound"
9127,03/25/2020,5221255,2387755 Ontario Inc.,"Radiography, General Ultrasound"
10177,09/08/2022,5820599,Albany Medical Clinic,"Bone Mineral DXA, Fluoroscopy, Mammography, Radiography, Vascular Ultrasound, Pulmonary Function B - Lung Volumes & Diffusion"
10158,09/02/2022,4682097,Albany Medical Clinic,General Ultrasound
9951,01/10/2022,9641007,2639451 Ontario Ltd.,"Bone Mineral DXA, Fluoroscopy, Mammography, Radiography"
9952,01/10/2022,9847123,2639451 Ontario Ltd.,"General Ultrasound, Vascular Ultrasound"
10548,09/11/2023,5326698,Bay Cardiac Diagnostic Inc.,"Bone Mineral DXA, Nuclear Medicine - In Vivo - General, Nuclear Medicine - In Vivo - SPECT"
11320,03/10/2024,6872794,Clearview Diagnostic Imaging Inc.,"General Ultrasound, Vascular Ultrasound"
9448,06/02/2022,1932458,Bayview Pulmonary Services Inc.,Pulmonary Function B - Lung Volumes & Diffusion
10939,04/12/2024,50100,Sunlark Imaging Inc.,"Radiography, General Ultrasound"
10153,12/09/2022,7057621,J.B.V. Management Services Ltd.,"Bone Mineral DXA, Radiography, General Ultrasound"
10956,04/09/2024,847286,Dr. Raymond M. Stein,Ophthalmic Ultrasound
9368,10/13/2022,1300104,Cristina Ana Pop Medicine Professional Corporation,Abortion
10794,11/03/2023,2911175,Insight Diagnostic Imaging Corp.,"Bone Mineral DXA, Mammography, Radiography"
10795,11/06/2023,176794,Insight Diagnostic Imaging Corp.,"Mammography, Radiography, General Ultrasound"
6801,11/07/2018,9100468,Centre for Sleep and Chronobiology Inc.,Sleep Studies
9555,10/06/2022,3876784,Charm Ultrasound Inc.,"Mobile General Ultrasound, Mobile Vascular Ultrasound"
10890,12/11/2023,9682732,Torcan Women's Reproductive Health Clinic Inc.,Abortion
10900,04/24/2024,3150721,1000384458 Ontario Inc.,"Bone Mineral DXA, Fluoroscopy, Radiography, General Ultrasound"
9596,12/10/2021,3660970,2323894 Ontario Inc.,Ophthalmic Ultrasound
8325,12/06/2019,7017229,2568514 Ontario Inc.,"Bone Mineral DXA, Fluoroscopy, Mammography, Radiography, General Ultrasound, Vascular Ultrasound"
10792,03/01/2024,5061463,Insight Diagnostic Imaging Corp.,"General Ultrasound, Vascular Ultrasound"
11307,04/01/2025,3476695,Create Fertility Clinic Inc.,General Ultrasound
9756,06/20/2022,2658325,2785063 Ontario Inc.,"Mammography, Radiography, General Ultrasound"
10717,11/01/2023,793127,KCB Imaging Inc.,"Bone Mineral DXA, Radiography, General Ultrasound"
6967,11/05/2015,277601,Dr. Jeff S. Charendoff,"Urologic Ultrasound, General Ultrasound"
10761,12/14/2023,9795093,Dr. John T. Christakis,Ophthalmic Ultrasound
9176,05/20/2020,7613794,1900476 Ontario Inc.,"Bone Mineral DXA, Mammography, Radiography, General Ultrasound, Vascular Ultrasound"
9097,04/28/2020,177489,Andrew D. Dueck Medicine Professional Corporation,"Pulmonary Function A - Pure Screening, Vascular Ultrasound, General Ultrasound"
9670,02/24/2022,5285202,Forest Hill Medical Imaging Inc.,"Fluoroscopy, Radiography, General Ultrasound"
10175,08/19/2022,1064419,Thomas Hannam Medicine Professional Corporation,General Ultrasound
10359,02/08/2023,4027423,Insight Diagnostic Imaging Corp.,General Ultrasound
10726,10/04/2023,1236624,Inspiration Research Limited,"Pulmonary Function A - Pure Screening, Pulmonary Function B - Lung Volumes & Diffusion"
9164,12/23/2020,2320846,KMH Cardiology Centres Inc.,"Nuclear Medicine - In Vivo - General, Nuclear Medicine - In Vivo - SPECT"
9213,05/29/2020,1138903,Dr. Charles K.N. Chan,"Pulmonary Function A - Pure Screening, Pulmonary Function B - Lung Volumes & Diffusion"
10542,04/28/2023,5401822,The Kensington Eye Institute,"Bone Mineral DXA, Mammography, Radiography, General Ultrasound, Vascular Ultrasound"
9367,10/21/2021,8897391,The Kensington Eye Institute,Ophthalmic Ultrasound
11245,10/11/2023,2968147,Margolin Medicine Professional Corporation,Ophthalmic Ultrasound
10037,11/25/2022,5701040,Medcan Health Management Inc.,Radiography
9256,02/17/2021,5443511,Meridia Medical Inc.,General Ultrasound
10645,05/05/2023,1115291,1000695826 Ontario Inc.,"General Ultrasound, Vascular Ultrasound"
5833,03/06/2014,3809136,2456462 Ontario Limited,"Radiography, General Ultrasound"
10705,09/13/2023,9093617,2456462 Ontario Limited,"Radiography, General Ultrasound"
11321,04/01/2025,6446092,Clearview Diagnostic Imaging Inc.,"Mammography, Radiography, General Ultrasound, Bone Mineral DXA"
9146,04/22/2021,465477,MyHealth Partners Inc.,"Nuclear Medicine - In Vivo - General, Nuclear Medicine - In Vivo - SPECT"
10498,04/20/2023,1305104,2456462 Ontario Limited,"Fluoroscopy, Radiography, General Ultrasound, Vascular Ultrasound, Bone Mineral DXA"
10960,03/28/2024,5205302,1000252112 Ontario Inc.,"Bone Mineral DXA, Fluoroscopy, Mammography, Radiography, General Ultrasound"
10899,02/21/2023,8952609,1000350689 Ontario Inc.,"Bone Mineral DXA, Radiography, General Ultrasound, Vascular Ultrasound"
10363,11/29/2022,2027798,Ophthalmology Associates SHSC,Ophthalmic Ultrasound
10150,09/09/2022,7700617,Pape Avenue X-Ray Ltd.,Radiography
11316,03/10/2024,7993519,Clearview Diagnostic Imaging Inc.,General Ultrasound
9226,03/08/2022,2343567,2548877 Ontario Inc.,"Radiography, General Ultrasound"
10065,10/25/2022,1275988,ReGen Scientific Inc.,"Radiography, General Ultrasound"
10502,04/21/2023,762129,Respiratory Services Limited,"Pulmonary Function A - Pure Screening, Pulmonary Function B - Lung Volumes & Diffusion, Pulmonary Function C - Escalated Testing, Pulmonary Function - Other Fee Codes"
10501,05/08/2023,632295,2259351 Ontario Inc.,"Bone Mineral DXA, Nuclear Medicine - In Vivo - General, Nuclear Medicine - In Vivo - SPECT"
11195,11/23/2023,5049912,2711518 Ontario Ltd.,"General Ultrasound, Vascular Ultrasound, Bone Mineral DXA, Mammography, Radiography"
10174,12/07/2022,4195960,Mr. Udaya Shankar Padmakaran,Sleep Studies
7694,11/21/2018,4179104,Straight Sleep Inc.,Sleep Studies
8333,09/30/2019,5401322,2422437 Ontario Inc.,"Bone Mineral DXA, Fluoroscopy, Mammography, Radiography, General Ultrasound, Vascular Ultrasound"
8608,02/25/2021,7322335,Stein Surgical Centre Inc.,Eye Surgery
8609,10/07/2020,4412518,The Kensington Eye Institute,Eye Surgery
10891,10/27/2023,8248436,Benya Inc.,Abortion
10180,08/08/2022,3300103,Toronto Asthma Centre,"Pulmonary Function A - Pure Screening, Pulmonary Function B - Lung Volumes & Diffusion, Pulmonary Function C - Escalated Testing, Pulmonary Function - Other Fee Codes"
11380,05/01/2024,8155300,Specialty Medical Partners (TCC) Inc.,"Nuclear Medicine - In Vivo - General, Nuclear Medicine - In Vivo - SPECT"
10926,02/08/2024,2283351,The Toronto Centre for Medical Imaging Inc.,"Bone Mineral DXA, Mammography, Radiography, General Ultrasound"
11305,04/01/2025,5041449,1000609517 Ontario Inc.,General Ultrasound
11318,05/15/2024,8413510,1000609517 Ontario Inc.,"Bone Mineral DXA, Radiography"
9026,01/07/2021,3092988,Toronto Birth Centre Inc.,Midwifery
8907,06/01/2021,3200843,2639003 Ontario Inc.,Vascular Ultrasound
10550,05/05/2023,8043924,Mr. Udaya Shankar Padmakaran,"Sleep Studies, Pulmonary Function A - Pure Screening, Pulmonary Function B - Lung Volumes & Diffusion"
10097,06/29/2022,2815050,Sleep Medicine Health Network Inc.,Sleep Studies
10790,11/24/2023,7234709,MedSleep Inc.,Sleep Studies
10402,01/27/2023,9472518,2525102 Ontario Ltd.,General Ultrasound
9149,05/28/2020,4093960,Toronto Vascular Centre Inc.,"General Ultrasound, Vascular Ultrasound"
9162,04/21/2021,1215393,Toronto Vascular Ultrasound Inc.,Vascular Ultrasound
9130,05/29/2020,1851890,1582235 Ontario Limited,Obs/Gyn Ultrasound
9131,05/28/2020,7641890,1582235 Ontario Limited,General Ultrasound
10776,11/06/2023,5324467,1582235 Ontario Limited,"Obs/Gyn Ultrasound, General Ultrasound"
9129,05/28/2020,589576,Clearview Diagnostic Imaging Inc.,General Ultrasound
8856,05/03/2021,2195305,MyHealth Partners Inc.,"Fluoroscopy, Radiography, General Ultrasound, Vascular Ultrasound, Nuclear Medicine - In Vivo - SPECT, Nuclear Medicine - In Vivo - General"
8862,04/29/2021,2355930,MyHealth Partners Inc.,"Radiography, General Ultrasound"
8906,06/20/2022,5929305,West End Radiological Laboratories Limited,Bone Mineral DXA
10093,08/25/2022,5881268,West End Radiological Laboratories Limited,"Fluoroscopy, Mammography, Radiography, General Ultrasound, Vascular Ultrasound"
9078,10/15/2020,6597961,Sheila Brazel Medicine Professional Corporation,Ophthalmic Ultrasound
10929,03/04/2024,5356493,2422437 Ontario Inc.,"Bone Mineral DXA, Radiography, General Ultrasound"
7905,11/08/2019,8626306,Toronto Sleep Research Laboratory Inc.,Sleep Studies
9115,03/08/2022,8849984,2382876 Ontario Inc.,"Radiography, General Ultrasound, Vascular Ultrasound, Bone Mineral DXA"
11265,03/01/2024,4993143,Dr. Kevin R. Lachapelle,Ophthalmic Ultrasound
10855,04/08/2024,7076413,2290777 Ontario Inc.,Bone Mineral DXA
10944,03/19/2024,4923529,2290777 Ontario Inc.,"Radiography, General Ultrasound, Vascular Ultrasound"
9635,02/21/2020,1309439,2727475 Ontario Inc.,"Radiography, General Ultrasound, Vascular Ultrasound, Bone Mineral DXA"
9636,01/30/2020,8833275,2728552 Ontario Inc.,"Radiography, General Ultrasound, Vascular Ultrasound, Bone Mineral DXA, Nuclear Medicine - In Vivo - SPECT, Nuclear Medicine - In Vivo - General"
7252,02/28/2022,2200847,Dr. Vikram R. Comondore Medicine Professional Corporation,"Pulmonary Function A - Pure Screening, Pulmonary Function B - Lung Volumes & Diffusion"
8721,05/19/2020,3407890,X-Ray Associates Inc.,"Radiography, General Ultrasound, Vascular Ultrasound, Bone Mineral DXA, Nuclear Medicine - In Vivo - General, Nuclear Medicine - In Vivo - SPECT"
10808,10/04/2023,5981346,Georgian Imaging Incorporated,"Radiography, General Ultrasound, Bone Mineral DXA, Vascular Ultrasound"
10149,07/25/2022,9479040,Wentworth-Halton X-Ray and Ultrasound Inc.,"Mammography, Radiography, General Ultrasound, Vascular Ultrasound"
10892,12/05/2023,1063914,Dr. Robert Shenker Medicine Professional Corporation,Plastic Surgery
11165,04/05/2024,2343444,K W Cardio Pulmonary Services Inc.,"Pulmonary Function A - Pure Screening, Pulmonary Function B - Lung Volumes & Diffusion, Pulmonary Function - Other Fee Codes"
9481,02/16/2022,5179105,Mednik Sleep Studies & Research Centre Inc.,Sleep Studies
5247,11/29/2012,5072418,Clearview Diagnostic Imaging Inc.,Mobile General Ultrasound
9475,06/30/2021,2838225,Ivycroft Enterprises Inc.,General Ultrasound
9427,07/22/2022,7641842,Clearview Diagnostic Imaging Inc.,"Bone Mineral DXA, Fluoroscopy, Mammography, Radiography, General Ultrasound, Vascular Ultrasound"
9428,06/29/2022,4092520,Clearview Diagnostic Imaging Inc.,"Mobile General Ultrasound, Mobile Vascular Ultrasound"
9429,01/09/2024,499537,Clearview Diagnostic Imaging Inc.,General Ultrasound
10787,01/29/2024,4023918,1582235 Ontario Limited,"Bone Mineral DXA, Mammography, Radiography, General Ultrasound, Vascular Ultrasound"
9407,02/12/2021,2640846,2537431 Ontario Inc.,"Bone Mineral DXA, Mammography, Radiography, General Ultrasound, Vascular Ultrasound, Nuclear Medicine - In Vivo - SPECT, Nuclear Medicine - In Vivo - General, Nuclear Medicine - In Vitro"
10516,04/28/2023,99490,Greater Niagara Medical Imaging Inc.,"Fluoroscopy, Radiography, General Ultrasound, Bone Mineral DXA, Nuclear Medicine - In Vivo - SPECT, Nuclear Medicine - In Vivo - General"
10392,11/28/2022,210879,Dr. Clifford A. Korzinstone,Ophthalmic Ultrasound
9748,11/30/2021,5456817,Hafeez Health Services Inc.,"General Ultrasound, Vascular Ultrasound, Mammography"
9835,09/27/2021,8446982,Impexxus Medical Imaging Inc.,"Bone Mineral DXA, Fluoroscopy, Mammography, Radiography, General Ultrasound, Vascular Ultrasound"
9973,01/13/2023,1454827,MyHealth Partners Inc.,"Fluoroscopy, Radiography, General Ultrasound, Nuclear Medicine - In Vivo - General, Nuclear Medicine - In Vivo - SPECT"
8153,03/15/2018,2391568,MyHealth Partners Inc.,"Bone Mineral DXA, Nuclear Medicine - In Vivo - General, Nuclear Medicine - In Vivo - SPECT, Vascular Ultrasound"
8680,07/06/2021,5324144,North Whitby X-Ray & Ultrasound Inc.,"General Ultrasound, Vascular Ultrasound, Bone Mineral DXA, Radiography"
7459,03/27/2017,6479141,Clinic Management & Technical Services,Sleep Studies
10504,04/21/2023,8566457,Whitby Diagnostics Centre Limited,"Vascular Ultrasound, Pulmonary Function A - Pure Screening, Pulmonary Function C - Escalated Testing, Pulmonary Function - Other Fee Codes"
10162,10/12/2022,1739204,Whitby Centre For Sleep Disorders Inc.,Sleep Studies
11065,04/12/2024,2138487,EFES Management Limited,"Mammography, Radiography, General Ultrasound"
11137,09/25/2023,3473798,2865842 Ontario Inc.,"General Ultrasound, Vascular Ultrasound, Mammography, Radiography"
10371,03/28/2023,3810104,Clinic Management & Technical Services,"Bone Mineral DXA, Mammography, Radiography, General Ultrasound, Vascular Ultrasound"
10682,08/30/2023,68591,J.B.V. Management Services Ltd.,"Bone Mineral DXA, Radiography, General Ultrasound, Vascular Ultrasound"
10700,06/26/2023,9631550,North American Diagnostic Network Services Inc.,"General Ultrasound, Vascular Ultrasound, Radiography"
10345,06/01/2022,4360874,2858737 Ontario Inc.,"Ophthalmic Ultrasound, Nuclear Medicine - In Vivo - SPECT, Nuclear Medicine - In Vivo - General"
10399,04/20/2023,3214899,Anwist Diagnostics Inc.,"Pulmonary Function A - Pure Screening, Pulmonary Function B - Lung Volumes & Diffusion"
5760,09/11/2013,6345894,2324317 Ontario Ltd.,Radiography
6546,04/23/2015,7981219,2324317 Ontario Ltd.,Radiography
8624,12/16/2019,9721188,2324317 Ontario Ltd.,Radiography
10237,10/04/2023,9863593,2324317 Ontario Ltd.,Radiography
10239,09/21/2023,5701240,2324317 Ontario Ltd.,"Nuclear Medicine - In Vivo - General, Nuclear Medicine - In Vivo - SPECT"
10240,10/20/2023,780453,2324317 Ontario Ltd.,"Radiography, General Ultrasound, Vascular Ultrasound"
10241,10/30/2023,9912394,2324317 Ontario Ltd.,"Radiography, General Ultrasound, Mammography, Vascular Ultrasound"
10242,10/30/2023,6200526,2324317 Ontario Ltd.,"Fluoroscopy, Mammography, Radiography, General Ultrasound, Vascular Ultrasound, Bone Mineral DXA"
10244,09/11/2023,991166,2324317 Ontario Ltd.,"Fluoroscopy, Radiography, General Ultrasound, Ophthalmic Ultrasound"
10245,04/01/2022,604290,2324317 Ontario Ltd.,"Radiography, General Ultrasound"
10246,04/01/2022,3461204,2324317 Ontario Ltd.,Radiography
10247,04/01/2022,901510,2324317 Ontario Ltd.,Radiography
10412,01/06/2023,1154419,2324317 Ontario Ltd.,"Bone Mineral DXA, Fluoroscopy, Radiography, General Ultrasound, Vascular Ultrasound, Mammography"
10413,01/06/2023,3885239,2324317 Ontario Ltd.,"Fluoroscopy, Radiography, General Ultrasound, Vascular Ultrasound"
8629,12/16/2019,3852223,Dr. Carman M. Iannicello,Vascular Ultrasound
9446,05/31/2023,5041844,Edinborough Street Radiology Inc.,"General Ultrasound, Pulmonary Function A - Pure Screening, Pulmonary Function B - Lung Volumes & Diffusion, Vascular Ultrasound, Bone Mineral DXA, Mammography, Radiography"
9212,10/29/2020,2108575,Lebro Management Limited,"Bone Mineral DXA, Radiography, General Ultrasound, Vascular Ultrasound, Ophthalmic Ultrasound"
10370,01/11/2023,2293188,Lebro Management Limited,Radiography
7053,02/29/2016,4413503,Advanced PET/CT Imaging Inc.,Positron Emission Tomography
10838,01/01/2023,3319513,1000168564 Ontario Inc.,Eye Surgery
8977,06/05/2020,4614799,2655619 Ontario Inc.,Sleep Studies
10365,01/27/2023,1356617,Pearce Medical Services Inc.,"General Ultrasound, Vascular Ultrasound"
10308,01/11/2023,3149489,Dixie X-Ray Associates Limited,"Radiography, General Ultrasound, Mammography"
10310,01/12/2023,55287,Dixie X-Ray Associates Limited,"Bone Mineral DXA, Mammography, Radiography, Vascular Ultrasound"
10763,12/13/2023,6905969,2456462 Ontario Limited,"Bone Mineral DXA, Fluoroscopy, Mammography, Radiography, General Ultrasound, Vascular Ultrasound, Nuclear Medicine - In Vitro, Nuclear Medicine - In Vivo - General, Nuclear Medicine - In Vivo - SPECT"
9868,06/07/2022,1421632,One Vascular Woodbridge Corp.,"Vascular Ultrasound, General Ultrasound"
9255,07/06/2022,4781632,2660572 Ontario Inc.,"Bone Mineral DXA, Fluoroscopy, Mammography, Radiography, General Ultrasound"
10698,09/21/2023,9361147,Dixie X-Ray Associates Limited,"Bone Mineral DXA, Fluoroscopy, Mammography, Radiography, General Ultrasound, Vascular Ultrasound, Nuclear Medicine - In Vivo - General, Nuclear Medicine - In Vivo - SPECT, Pulmonary Function A - Pure Screening, Pulmonary Function B - Lung Volumes & Diffusion"
8515,05/23/2019,4173982,2446695 Ontario Inc.,Sleep Studies
9948,08/22/2022,5168762,2423815 Ontario Limited,"Radiography, General Ultrasound"
8618,05/20/2020,8277482,Windflower Diagnostic Imaging Inc.,"Bone Mineral DXA, Mammography, Radiography"
9567,07/29/2022,1072608,Windflower Diagnostic Imaging Inc.,General Ultrasound
8654,04/22/2021,5465096,2273044 Ontario Inc.,"Bone Mineral DXA, Fluoroscopy, Mammography, Radiography, General Ultrasound, Nuclear Medicine - In Vivo - General, Nuclear Medicine - In Vivo - SPECT, Pulmonary Function A - Pure Screening, Pulmonary Function B - Lung Volumes & Diffusion, Vascular Ultrasound"
10361,02/08/2023,3616430,KMH Cardiology Centres Inc.,"Nuclear Medicine - In Vivo - General, Nuclear Medicine - In Vivo - SPECT"
11076,07/29/2023,2603076,1000477569 Ontario Inc.,"Fluoroscopy, Radiography, General Ultrasound, Vascular Ultrasound"
9922,12/12/2022,715399,2537431 Ontario Inc.,"Radiography, Bone Mineral DXA, Mammography, Vascular Ultrasound"
7536,02/17/2017,72798,2456462 Ontario Limited,Radiography
6875,02/17/2017,7784189,2444271 Ontario Inc.,Radiography
10456,02/26/2024,5058744,13658228 Canada Inc.,"Radiography, General Ultrasound"
10933,04/05/2024,4461442,Kingsway Imaging Centre Corporation,"Radiography, General Ultrasound, Bone Mineral DXA, Vascular Ultrasound"
11108,04/05/2024,7423510,2456462 Ontario Limited,"General Ultrasound, Fluoroscopy"
8445,07/06/2018,5846720,2456462 Ontario Limited,"Mobile General Ultrasound, Mobile Vascular Ultrasound"
7540,02/17/2017,2045846,2456462 Ontario Limited,Radiography
10078,12/09/2022,1462198,Kayode Oduwole Medicine Professional Corporation,"General Ultrasound, Fluoroscopy, Radiography"
